2theta in degrees,after debinding and sintering,normalized
10,1203.519,52.86849
10.02,1262.647,55.46588
10.04,1185.52,52.07783
10.06,1221.15,53.64299
10.08,1246.087,54.73843
10.1,1245.186,54.69885
10.12,1229.084,53.99152
10.14,1245.223,54.70048
10.16,1270.713,55.82021
10.18,1264.557,55.54979
10.2,1285.281,56.46016
10.22,1272.555,55.90112
10.24,1268.313,55.71478
10.26,1257.057,55.22032
10.28,1247.467,54.79905
10.3,1247.278,54.79075
10.32,1297.139,56.98106
10.34,1290.166,56.67475
10.36,1333.497,58.5782
10.38,1283.789,56.39461
10.4,1362.145,59.83666
10.42,1286.352,56.5072
10.44,1323.112,58.12201
10.46,1354.585,59.50456
10.48,1401.432,61.56247
10.5,1339.643,58.84818
10.52,1395.086,61.2837
10.54,1385.917,60.88092
10.56,1354.42,59.49731
10.58,1391.889,61.14326
10.6,1369.485,60.15909
10.62,1373.217,60.32303
10.64,1406.942,61.80451
10.66,1435.806,63.07246
10.68,1449.996,63.6958
10.7,1405.199,61.72794
10.72,1349.268,59.27099
10.74,1463.991,64.31057
10.76,1392.263,61.15969
10.78,1402.115,61.59247
10.8,1431.695,62.89187
10.82,1391.309,61.11778
10.84,1478.174,64.93361
10.86,1496.708,65.74778
10.88,1518.028,66.68433
10.9,1464.071,64.31409
10.92,1496.443,65.73613
10.94,1507.213,66.20924
10.96,1451.693,63.77034
10.98,1422.432,62.48496
11,1530.696,67.24081
11.02,1548.318,68.01491
11.04,1481.646,65.08613
11.06,1510.787,66.36624
11.08,1544.168,67.83261
11.1,1570.603,68.99385
11.12,1496.18,65.72458
11.14,1525.484,67.01185
11.16,1543.301,67.79452
11.18,1588.847,69.79528
11.2,1559.247,68.495
11.22,1592.698,69.96445
11.24,1595.849,70.10287
11.26,1621.346,71.22291
11.28,1543.205,67.79031
11.3,1610.512,70.74699
11.32,1594.873,70.05999
11.34,1657.871,72.82739
11.36,1616.56,71.01266
11.38,1595.637,70.09355
11.4,1617.491,71.05356
11.42,1619.789,71.15451
11.44,1692.536,74.35016
11.46,1637.062,71.91328
11.48,1639.43,72.0173
11.5,1657.605,72.8157
11.52,1609.823,70.71672
11.54,1697.517,74.56896
11.56,1669.29,73.329
11.58,1655.814,72.73702
11.6,1671.364,73.42011
11.62,1723.71,75.71958
11.64,1710.461,75.13757
11.66,1683.799,73.96636
11.68,1714.119,75.29826
11.7,1697.784,74.58069
11.72,1655.776,72.73536
11.74,1781.229,78.24629
11.76,1749.886,76.86944
11.78,1690.326,74.25308
11.8,1710.881,75.15602
11.82,1735.376,76.23204
11.84,1688.156,74.15775
11.86,1796.932,78.93609
11.88,1807.127,79.38394
11.9,1767.104,77.6258
11.92,1701.993,74.76559
11.94,1719.837,75.54944
11.96,1752.048,76.96442
11.98,1782.956,78.32215
12,1724.188,75.74058
12.02,1731.693,76.07026
12.04,1770.312,77.76672
12.06,1741.859,76.51683
12.08,1795.332,78.86581
12.1,1771.119,77.80217
12.12,1709.294,75.08631
12.14,1786.009,78.45626
12.16,1802.202,79.16759
12.18,1826.918,80.25333
12.2,1764.887,77.52841
12.22,1770.542,77.77683
12.24,1726.97,75.86278
12.26,1838.717,80.77163
12.28,1819.132,79.9113
12.3,1836.131,80.65804
12.32,1791.643,78.70376
12.34,1819.389,79.92259
12.36,1887.317,82.90655
12.38,1824.195,80.13371
12.4,1811.109,79.55886
12.42,1800.61,79.09766
12.44,1755.544,77.11799
12.46,1803.861,79.24047
12.48,1787.275,78.51188
12.5,1742.055,76.52544
12.52,1835.854,80.64587
12.54,1723.967,75.73087
12.56,1705.385,74.91459
12.58,1787.891,78.53894
12.6,1746.32,76.7128
12.62,1745.179,76.66267
12.64,1775.445,77.99221
12.66,1772.469,77.86148
12.68,1810.13,79.51586
12.7,1798.516,79.00568
12.72,1828.112,80.30578
12.74,1752.689,76.99257
12.76,1774.979,77.97174
12.78,1800.495,79.09261
12.8,1776.104,78.02115
12.82,1684.968,74.01771
12.84,1802.422,79.17726
12.86,1845.367,81.06376
12.88,1848.315,81.19326
12.9,1836.518,80.67504
12.92,1730.197,76.00454
12.94,1836.615,80.6793
12.96,1817.064,79.82046
12.98,1766.199,77.58605
13,1809.398,79.4837
13.02,1767.381,77.63797
13.04,1727.498,75.88598
13.06,1838.846,80.7773
13.08,1834.59,80.59034
13.1,1777.499,78.08243
13.12,1822.81,80.07287
13.14,1829.619,80.37198
13.16,1757.312,77.19566
13.18,1780.603,78.21879
13.2,1819.666,79.93476
13.22,1791.538,78.69914
13.24,1705.292,74.91051
13.26,1820.287,79.96204
13.28,1769.366,77.72517
13.3,1822.999,80.08117
13.32,1799.012,79.02746
13.34,1776.041,78.01839
13.36,1773.956,77.9268
13.38,1788.622,78.57105
13.4,1746.782,76.73309
13.42,1814.611,79.7127
13.44,1764.194,77.49797
13.46,1767.732,77.65339
13.48,1727.762,75.89758
13.5,1781.338,78.25108
13.52,1714.838,75.32985
13.54,1755.2,77.10288
13.56,1780.04,78.19406
13.58,1760.238,77.32419
13.6,1738.34,76.36225
13.62,1732.22,76.09341
13.64,1745.126,76.66035
13.66,1743.983,76.61014
13.68,1779.515,78.17099
13.7,1732.422,76.10228
13.72,1757.539,77.20563
13.74,1742.753,76.5561
13.76,1697.844,74.58333
13.78,1714.628,75.32062
13.8,1763.297,77.45857
13.82,1786.264,78.46747
13.84,1745.716,76.68626
13.86,1745.706,76.68582
13.88,1739.422,76.40978
13.9,1727.215,75.87355
13.92,1723.738,75.72081
13.94,1729.761,75.98539
13.96,1747.844,76.77974
13.98,1710.826,75.15361
14,1691.223,74.29248
14.02,1713.02,75.24998
14.04,1670.197,73.36884
14.06,1733.284,76.14015
14.08,1737.859,76.34112
14.1,1680.376,73.81599
14.12,1763.563,77.47025
14.14,1702.123,74.7713
14.16,1730.373,76.01227
14.18,1695.32,74.47245
14.2,1681.757,73.87666
14.22,1717.584,75.45047
14.24,1702.625,74.79335
14.26,1729.525,75.97502
14.28,1719.106,75.51733
14.3,1686.717,74.09454
14.32,1698.314,74.60398
14.34,1701.78,74.75623
14.36,1700.357,74.69372
14.38,1674.867,73.57399
14.4,1668.249,73.28327
14.42,1626.289,71.44004
14.44,1685.076,74.02245
14.46,1693.386,74.3875
14.48,1710.663,75.14645
14.5,1675.733,73.61203
14.52,1673.578,73.51737
14.54,1580.836,69.44337
14.56,1623.797,71.33057
14.58,1633.662,71.76393
14.6,1608.049,70.63879
14.62,1687.104,74.11154
14.64,1612.859,70.85009
14.66,1619.823,71.156
14.68,1624.913,71.3796
14.7,1573.947,69.14075
14.72,1641.335,72.10099
14.74,1591.327,69.90422
14.76,1557.904,68.43601
14.78,1635.868,71.86083
14.8,1636.538,71.89026
14.82,1675.482,73.60101
14.84,1620.065,71.16663
14.86,1583.723,69.57019
14.88,1622.793,71.28647
14.9,1559.209,68.49334
14.92,1550.755,68.12197
14.94,1532.883,67.33688
14.96,1618.59,71.10184
14.98,1635.902,71.86233
15,1605.037,70.50648
15.02,1561.076,68.57535
15.04,1508.469,66.26442
15.06,1539.213,67.61495
15.08,1576.512,69.25343
15.1,1569.402,68.9411
15.12,1566.47,68.8123
15.14,1563.509,68.68223
15.16,1533.546,67.366
15.18,1522.26,66.87023
15.2,1470.697,64.60516
15.22,1593.533,70.00113
15.24,1592.039,69.9355
15.26,1519.528,66.75022
15.28,1517.354,66.65472
15.3,1588.072,69.76124
15.32,1583.657,69.56729
15.34,1500.631,65.92011
15.36,1527.691,67.1088
15.38,1543.075,67.7846
15.4,1511.712,66.40687
15.42,1500.394,65.90969
15.44,1481.147,65.06421
15.46,1480.377,65.03038
15.48,1483.77,65.17943
15.5,1492.936,65.58208
15.52,1445.618,63.50348
15.54,1498.299,65.81767
15.56,1527.559,67.10301
15.58,1476.814,64.87387
15.6,1497.067,65.76355
15.62,1465.658,64.3838
15.64,1488.764,65.39881
15.66,1427.753,62.7187
15.68,1450.666,63.72523
15.7,1480.779,65.04804
15.72,1478.039,64.92768
15.74,1467.658,64.47166
15.76,1479.052,64.97218
15.78,1487.227,65.33129
15.8,1457.945,64.04498
15.82,1467.533,64.46617
15.84,1442.088,63.34841
15.86,1453.474,63.84858
15.88,1450.387,63.71297
15.9,1407.93,61.84791
15.92,1406.566,61.78799
15.94,1413.15,62.07722
15.96,1416.411,62.22047
15.98,1436.969,63.12355
16,1440.34,63.27163
16.02,1499.428,65.86726
16.04,1439.505,63.23495
16.06,1495.938,65.71395
16.08,1436.515,63.1036
16.1,1422.987,62.50934
16.12,1380.045,60.62297
16.14,1465.863,64.39281
16.16,1367.862,60.0878
16.18,1405.242,61.72983
16.2,1417.264,62.25794
16.22,1428.747,62.76237
16.24,1431.584,62.88699
16.26,1395.179,61.28778
16.28,1403.964,61.67369
16.3,1367.808,60.08542
16.32,1400.074,61.50281
16.34,1445.522,63.49926
16.36,1346.421,59.14593
16.38,1329.207,58.38975
16.4,1398.888,61.45071
16.42,1357.356,59.62628
16.44,1316.16,57.81662
16.46,1348.108,59.22004
16.48,1387.786,60.96302
16.5,1390.629,61.08791
16.52,1318.555,57.92182
16.54,1277.05,56.09858
16.56,1310.751,57.57901
16.58,1310.545,57.56996
16.6,1354.546,59.50285
16.62,1332.987,58.5558
16.64,1297.069,56.97798
16.66,1337.372,58.74842
16.68,1351.28,59.35938
16.7,1327.782,58.32715
16.72,1378.708,60.56424
16.74,1301.478,57.17166
16.76,1344.528,59.06277
16.78,1316.622,57.83691
16.8,1299.246,57.07361
16.82,1334.853,58.63777
16.84,1269.865,55.78296
16.86,1263.078,55.48482
16.88,1282.907,56.35587
16.9,1282.093,56.32011
16.92,1269.208,55.7541
16.94,1292.654,56.78404
16.96,1285.651,56.47641
16.98,1288.602,56.60604
17,1278.559,56.16487
17.02,1281.642,56.3003
17.04,1280.896,56.26753
17.06,1283.362,56.37586
17.08,1234.787,54.24204
17.1,1262.524,55.46048
17.12,1252.413,55.01632
17.14,1180.218,51.84492
17.16,1223.274,53.7363
17.18,1262.634,55.46531
17.2,1235.505,54.27358
17.22,1267.85,55.69444
17.24,1245.448,54.71036
17.26,1228.079,53.94737
17.28,1242.318,54.57287
17.3,1242.635,54.58679
17.32,1255.629,55.15759
17.34,1261.511,55.41598
17.36,1234.868,54.2456
17.38,1207.382,53.03819
17.4,1250.524,54.93334
17.42,1189.563,52.25543
17.44,1204.824,52.92582
17.46,1256.723,55.20565
17.48,1287.891,56.57481
17.5,1273.976,55.96355
17.52,1237.86,54.37703
17.54,1227.688,53.9302
17.56,1218.138,53.51068
17.58,1216.839,53.45362
17.6,1200.537,52.7375
17.62,1266.919,55.65354
17.64,1168.285,51.32073
17.66,1166.38,51.23704
17.68,1206.894,53.01675
17.7,1222.23,53.69043
17.72,1185.854,52.0925
17.74,1212.918,53.28137
17.76,1176.464,51.68001
17.78,1149.821,50.50963
17.8,1203.774,52.87969
17.82,1202.066,52.80467
17.84,1164.074,51.13574
17.86,1188.527,52.20992
17.88,1267.806,55.69251
17.9,1164.918,51.17282
17.92,1178.755,51.78065
17.94,1218.495,53.52636
17.96,1133.665,49.79993
17.98,1131.42,49.70131
18,1199.203,52.6789
18.02,1206.838,53.01429
18.04,1178.935,51.78856
18.06,1159.391,50.93003
18.08,1152.439,50.62464
18.1,1161.249,51.01165
18.12,1196.994,52.58186
18.14,1163.441,51.10794
18.16,1158.923,50.90947
18.18,1164.894,51.17176
18.2,1138.3,50.00354
18.22,1163.282,51.10095
18.24,1130.684,49.66898
18.26,1144.269,50.26574
18.28,1139.129,50.03995
18.3,1088.715,47.82535
18.32,1135.074,49.86182
18.34,1151.949,50.60311
18.36,1139.683,50.06429
18.38,1129.353,49.61051
18.4,1118.009,49.11219
18.42,1141.024,50.1232
18.44,1120.345,49.2148
18.46,1148.344,50.44475
18.48,1108.968,48.71503
18.5,1099.193,48.28563
18.52,1143.096,50.21422
18.54,1081.734,47.51869
18.56,1105.611,48.56757
18.58,1147.658,50.41462
18.6,1080.375,47.45899
18.62,1144.332,50.26851
18.64,1104.551,48.521
18.66,1105.474,48.56155
18.68,1126.656,49.49204
18.7,1115.074,48.98326
18.72,1076.586,47.29255
18.74,1127.753,49.54022
18.76,1135.416,49.87685
18.78,1098.52,48.25607
18.8,1084.828,47.6546
18.82,1071.899,47.08666
18.84,1067.073,46.87466
18.86,1062.482,46.67298
18.88,1075.891,47.26202
18.9,1056.626,46.41574
18.92,1124.531,49.39869
18.94,1071.783,47.08156
18.96,1071.214,47.05657
18.98,1119.448,49.1754
19,1085.703,47.69304
19.02,1090.39,47.89893
19.04,1092.44,47.98899
19.06,1067.241,46.88204
19.08,1083.891,47.61344
19.1,1072.558,47.1156
19.12,1103.943,48.49429
19.14,1109.424,48.73506
19.16,1078.154,47.36143
19.18,1110.443,48.77983
19.2,989.958,43.48713
19.22,1009.092,44.32765
19.24,1012.952,44.49722
19.26,1038.286,45.6101
19.28,1058.068,46.47908
19.3,1087.054,47.75239
19.32,1076.329,47.28126
19.34,1076.871,47.30507
19.36,1061.609,46.63463
19.38,1072.284,47.10357
19.4,1044.102,45.86558
19.42,998.356,43.85604
19.44,1019.199,44.77164
19.46,1065.535,46.8071
19.48,1033.278,45.3901
19.5,1053.027,46.25764
19.52,1019.873,44.80124
19.54,1012.327,44.46976
19.56,1035.737,45.49812
19.58,1034.117,45.42696
19.6,1021.663,44.87988
19.62,1013.025,44.50042
19.64,974.941,42.82746
19.66,1010.437,44.38674
19.68,1001.145,43.97856
19.7,1014.07,44.54633
19.72,986.748,43.34612
19.74,965.364,42.40676
19.76,965.676,42.42046
19.78,979.97,43.04838
19.8,1002.792,44.05091
19.82,1010.929,44.40835
19.84,1002.721,44.04779
19.86,1019.958,44.80498
19.88,993.86,43.65854
19.9,999.297,43.89738
19.92,1034.608,45.44853
19.94,982.178,43.14537
19.96,969.111,42.57136
19.98,1005.765,44.1815
20,973.467,42.76271
20.02,968.14,42.5287
20.04,989.293,43.45792
20.06,986.394,43.33057
20.08,980.708,43.08079
20.1,909.795,39.96571
20.12,948.204,41.65295
20.14,912.911,40.10259
20.16,985.197,43.27799
20.18,975.431,42.84898
20.2,977.915,42.9581
20.22,961.117,42.2202
20.24,941.877,41.37502
20.26,948.75,41.67693
20.28,948.381,41.66073
20.3,961.063,42.21782
20.32,950.93,41.7727
20.34,918.394,40.34345
20.36,975.177,42.83783
20.38,943.053,41.42668
20.4,976.841,42.91092
20.42,1004.166,44.11126
20.44,979.518,43.02852
20.46,932.776,40.97522
20.48,935.162,41.08004
20.5,929.871,40.84761
20.52,979.307,43.01925
20.54,942.387,41.39742
20.56,961.396,42.23245
20.58,965.223,42.40057
20.6,1017.388,44.69208
20.62,951.806,41.81118
20.64,942.403,41.39812
20.66,913.299,40.11963
20.68,918.093,40.33023
20.7,950.377,41.74841
20.72,902.707,39.65435
20.74,939.241,41.25922
20.76,969.734,42.59873
20.78,947.42,41.61851
20.8,912.811,40.0982
20.82,943.447,41.44398
20.84,965.263,42.40232
20.86,916.141,40.24448
20.88,910.662,40.0038
20.9,940.289,41.30526
20.92,891.607,39.16674
20.94,857.075,37.64981
20.96,949.041,41.68972
20.98,964.111,42.35172
21,922.426,40.52057
21.02,947.184,41.60814
21.04,939.548,41.27271
21.06,931.945,40.93872
21.08,863.221,37.91979
21.1,895.165,39.32304
21.12,872.338,38.32029
21.14,876.759,38.5145
21.16,946.308,41.56966
21.18,883.208,38.79779
21.2,920.068,40.41698
21.22,921.748,40.49078
21.24,925.127,40.63922
21.26,908.88,39.92552
21.28,899.59,39.51742
21.3,897.459,39.42381
21.32,882.654,38.77345
21.34,897.082,39.40725
21.36,896.37,39.37597
21.38,922.5,40.52382
21.4,920.407,40.43188
21.42,863.167,37.91742
21.44,870.552,38.24183
21.46,896.258,39.37105
21.48,870.107,38.22228
21.5,870.344,38.2327
21.52,934.184,41.03708
21.54,941.561,41.36113
21.56,919.706,40.40108
21.58,884.379,38.84923
21.6,866.687,38.07205
21.62,885.68,38.90638
21.64,892.545,39.20795
21.66,876.086,38.48493
21.68,899.985,39.53477
21.7,884.947,38.87418
21.72,934.503,41.05109
21.74,881.354,38.71635
21.76,887.537,38.98795
21.78,861.483,37.84345
21.8,859.035,37.73591
21.82,895.024,39.31685
21.84,835.089,36.68401
21.86,818.571,35.9584
21.88,862.818,37.90209
21.9,848.678,37.28095
21.92,859.866,37.77242
21.94,860.434,37.79737
21.96,828.526,36.3957
21.98,834.53,36.65945
22,851.956,37.42494
22.02,840.258,36.91107
22.04,905.421,39.77357
22.06,829.409,36.43449
22.08,807.743,35.48274
22.1,886.285,38.93296
22.12,818.156,35.94017
22.14,825.965,36.2832
22.16,802.899,35.26995
22.18,818.416,35.95159
22.2,818.278,35.94553
22.22,841.595,36.9698
22.24,859.911,37.77439
22.26,814.956,35.7996
22.28,868.716,38.16118
22.3,877.887,38.56405
22.32,828.393,36.38986
22.34,792.231,34.80133
22.36,817.028,35.89062
22.38,815.146,35.80794
22.4,825.643,36.26906
22.42,832.099,36.55266
22.44,837.482,36.78913
22.46,806.787,35.44075
22.48,806.849,35.44347
22.5,824.9,36.23642
22.52,796.797,35.0019
22.54,808.91,35.53401
22.56,786.04,34.52937
22.58,796.388,34.98394
22.6,835.979,36.7231
22.62,834.839,36.67302
22.64,785.406,34.50152
22.66,792.73,34.82325
22.68,821.419,36.08351
22.7,750.085,32.94993
22.72,769.91,33.82081
22.74,769.237,33.79124
22.76,789.083,34.66304
22.78,731.435,32.13067
22.8,785.161,34.49076
22.82,764.258,33.57252
22.84,791.115,34.7523
22.86,751.951,33.0319
22.88,721.475,31.69314
22.9,789.219,34.66902
22.92,716.851,31.49002
22.94,756.925,33.2504
22.96,744.221,32.69233
22.98,754.843,33.15894
23,747.202,32.82328
23.02,761.986,33.47272
23.04,748.318,32.87231
23.06,716.539,31.47631
23.08,723.799,31.79523
23.1,725.576,31.87329
23.12,729.071,32.02682
23.14,653.069,28.68818
23.16,716.852,31.49006
23.18,711.53,31.25627
23.2,678.161,29.79043
23.22,704.902,30.96512
23.24,676.381,29.71224
23.26,703.199,30.89031
23.28,662.628,29.10809
23.3,694.403,30.50391
23.32,707.208,31.06642
23.34,706.087,31.01717
23.36,708.695,31.13174
23.38,700.07,30.75286
23.4,735.033,32.28872
23.42,717.876,31.53504
23.44,688.543,30.24649
23.46,692.601,30.42476
23.48,698.584,30.68758
23.5,702.336,30.8524
23.52,700.01,30.75022
23.54,688.953,30.26451
23.56,667.125,29.30564
23.58,685.351,30.10628
23.6,691.15,30.36102
23.62,646.729,28.40968
23.64,652.643,28.66947
23.66,651.005,28.59752
23.68,623.672,27.39682
23.7,638.011,28.02671
23.72,637.043,27.98419
23.74,660.026,28.99379
23.76,639.917,28.11044
23.78,668.309,29.35765
23.8,680.804,29.90653
23.82,640.859,28.15182
23.84,619.457,27.21167
23.86,642.617,28.22905
23.88,656.04,28.81869
23.9,679.401,29.8449
23.92,640.645,28.14242
23.94,620.985,27.27879
23.96,628.888,27.62595
23.98,631.871,27.75699
24,618.204,27.15662
24.02,662.641,29.10866
24.04,649.793,28.54427
24.06,616.619,27.087
24.08,608.804,26.7437
24.1,628.256,27.59819
24.12,681.593,29.94119
24.14,634.76,27.8839
24.16,640.507,28.13636
24.18,596.591,26.2072
24.2,619.831,27.2281
24.22,622.272,27.33533
24.24,631.765,27.75234
24.26,613.696,26.9586
24.28,600.075,26.36025
24.3,637.114,27.98731
24.32,589.002,25.87383
24.34,615.483,27.0371
24.36,609.051,26.75455
24.38,592.158,26.01247
24.4,621.726,27.31134
24.42,636.226,27.9483
24.44,616.741,27.09236
24.46,613.102,26.9325
24.48,595.872,26.17562
24.5,607.886,26.70337
24.52,626.674,27.5287
24.54,588.074,25.83307
24.56,595.873,26.17566
24.58,574.022,25.21579
24.6,579.892,25.47365
24.62,599.584,26.33868
24.64,607.363,26.6804
24.66,598.575,26.29436
24.68,597.513,26.24771
24.7,582.272,25.57819
24.72,577.328,25.36101
24.74,564.153,24.78226
24.76,568.907,24.99109
24.78,546.685,24.01492
24.8,550.123,24.16595
24.82,551.568,24.22942
24.84,575.184,25.26683
24.86,587.086,25.78967
24.88,589.081,25.8773
24.9,541.108,23.76993
24.92,586.822,25.77807
24.94,546.276,23.99695
24.96,581.973,25.56506
24.98,560.979,24.64283
25,570.904,25.07882
25.02,573.489,25.19237
25.04,559.061,24.55858
25.06,550.364,24.17653
25.08,543.182,23.86104
25.1,535.742,23.53421
25.12,544,23.89697
25.14,589.008,25.8741
25.16,558.876,24.55045
25.18,575.648,25.28721
25.2,542.143,23.8154
25.22,573.478,25.19189
25.24,585.576,25.72333
25.26,559.514,24.57848
25.28,500.834,22.00077
25.3,522.027,22.93174
25.32,517.219,22.72053
25.34,489.672,21.51044
25.36,545.245,23.95166
25.38,565.575,24.84472
25.4,578.12,25.3958
25.42,544.763,23.93049
25.44,528.792,23.22891
25.46,541.355,23.78078
25.48,569.92,25.03559
25.5,561.495,24.6655
25.52,556.397,24.44155
25.54,591.321,25.9757
25.56,631.362,27.73463
25.58,696.514,30.59665
25.6,761.632,33.45717
25.62,925.512,40.65613
25.64,1140.614,50.10519
25.66,1570.321,68.98147
25.68,1987.441,87.30482
25.7,2016.892,88.59855
25.72,1738.185,76.35544
25.74,1542.231,67.74752
25.76,1312.389,57.65096
25.78,1012.632,44.48316
25.8,787.165,34.57879
25.82,677.207,29.74852
25.84,601.138,26.40695
25.86,538.052,23.63569
25.88,518.256,22.76608
25.9,496.903,21.82808
25.92,511.344,22.46245
25.94,527.484,23.17145
25.96,524.278,23.03062
25.98,508.411,22.33361
26,477.185,20.96191
26.02,443.294,19.47313
26.04,478.044,20.99964
26.06,459.543,20.18692
26.08,471.033,20.69166
26.1,480.38,21.10226
26.12,480.021,21.08649
26.14,497.254,21.8435
26.16,496.411,21.80647
26.18,448.2,19.68865
26.2,489.649,21.50943
26.22,460.615,20.23401
26.24,480.872,21.12387
26.26,470.177,20.65406
26.28,442.923,19.45684
26.3,440.025,19.32953
26.32,449.445,19.74334
26.34,447.718,19.66747
26.36,413.868,18.1805
26.38,407.462,17.8991
26.4,434.222,19.07462
26.42,423.735,18.61394
26.44,448.538,19.70349
26.46,400.031,17.57267
26.48,416.945,18.31567
26.5,409.973,18.0094
26.52,444.831,19.54065
26.54,445.488,19.56951
26.56,415.527,18.25338
26.58,419.872,18.44425
26.6,472.008,20.73449
26.62,455.423,20.00594
26.64,420.03,18.45119
26.66,406.446,17.85446
26.68,432.381,18.99374
26.7,426.331,18.72798
26.72,409.744,17.99934
26.74,413.494,18.16407
26.76,405.052,17.79323
26.78,421.056,18.49626
26.8,407.591,17.90476
26.82,418.397,18.37945
26.84,397.611,17.46636
26.86,405.789,17.8256
26.88,402.275,17.67124
26.9,410.16,18.01761
26.92,378.632,16.63264
26.94,364.393,16.00715
26.96,403.217,17.71262
26.98,389.339,17.10298
27,385.566,16.93724
27.02,399.645,17.55571
27.04,375.576,16.4984
27.06,395.768,17.3854
27.08,381.719,16.76825
27.1,398.023,17.48446
27.12,350.037,15.37652
27.14,369.459,16.22969
27.16,394.523,17.33071
27.18,358.952,15.76814
27.2,359.291,15.78303
27.22,373.666,16.4145
27.24,378.929,16.64569
27.26,343.711,15.09863
27.28,340.994,14.97927
27.3,320.476,14.07795
27.32,339.886,14.9306
27.34,335.567,14.74087
27.36,346.475,15.22004
27.38,349.122,15.33632
27.4,363.056,15.94842
27.42,346.026,15.20032
27.44,331.454,14.5602
27.46,337.945,14.84534
27.48,353.143,15.51296
27.5,335.692,14.74636
27.52,309.472,13.59457
27.54,361.259,15.86948
27.56,344.602,15.13777
27.58,320.385,14.07395
27.6,308.989,13.57335
27.62,333.236,14.63848
27.64,355.399,15.61206
27.66,339.955,14.93363
27.68,314.175,13.80116
27.7,325.811,14.31231
27.72,313.349,13.76488
27.74,312.418,13.72398
27.76,294.897,12.95431
27.78,282.819,12.42375
27.8,322.915,14.18509
27.82,296.859,13.0405
27.84,321.052,14.10326
27.86,318.96,14.01136
27.88,294.269,12.92672
27.9,295.713,12.99016
27.92,298.968,13.13314
27.94,296.56,13.02736
27.96,313.979,13.79255
27.98,305.869,13.43629
28,318.204,13.97815
28.02,338.449,14.86748
28.04,312.176,13.71335
28.06,317.284,13.93773
28.08,317.314,13.93905
28.1,280.975,12.34274
28.12,296.578,13.02815
28.14,297.085,13.05043
28.16,306.189,13.45035
28.18,289.576,12.72057
28.2,322.145,14.15127
28.22,282.405,12.40556
28.24,301.976,13.26528
28.26,308.201,13.53873
28.28,285.114,12.52456
28.3,281.69,12.37415
28.32,313.647,13.77797
28.34,280.995,12.34362
28.36,301.2,13.23119
28.38,288.505,12.67352
28.4,265.002,11.64108
28.42,288.147,12.6578
28.44,246.258,10.81768
28.46,266.36,11.70073
28.48,258.923,11.37404
28.5,259.204,11.38638
28.52,256.533,11.26905
28.54,255.621,11.22899
28.56,248.746,10.92698
28.58,283.529,12.45494
28.6,261.215,11.47472
28.62,280.036,12.30149
28.64,285.364,12.53554
28.66,275.384,12.09714
28.68,264.599,11.62337
28.7,290.284,12.75167
28.72,283.276,12.44382
28.74,279.045,12.25796
28.76,261.429,11.48412
28.78,219.856,9.65789
28.8,232.143,10.19764
28.82,254.576,11.18308
28.84,266.469,11.70552
28.86,265.328,11.6554
28.88,248.79,10.92891
28.9,236.505,10.38925
28.92,219.18,9.6282
28.94,239.466,10.51932
28.96,225.472,9.90459
28.98,229.743,10.09221
29,215.463,9.46491
29.02,226.815,9.96359
29.04,247.723,10.88204
29.06,258.765,11.3671
29.08,244.257,10.72978
29.1,242.16,10.63767
29.12,252.854,11.10744
29.14,231.734,10.17967
29.16,217.865,9.57043
29.18,242.379,10.64729
29.2,225.823,9.92001
29.22,238.961,10.49714
29.24,233.988,10.27869
29.26,233.061,10.23796
29.28,246.72,10.83798
29.3,244.842,10.75548
29.32,252.399,11.08745
29.34,223.091,9.8
29.36,222.98,9.79512
29.38,198.902,8.73742
29.4,215.259,9.45595
29.42,201.853,8.86705
29.44,202.232,8.8837
29.46,210.705,9.2559
29.48,229.02,10.06045
29.5,217.188,9.54069
29.52,193.627,8.5057
29.54,220.107,9.66892
29.56,203.454,8.93738
29.58,205.977,9.04821
29.6,186.099,8.175
29.62,217.765,9.56604
29.64,223.962,9.83826
29.66,201.621,8.85686
29.68,190.124,8.35182
29.7,200.417,8.80397
29.72,200.456,8.80568
29.74,176.447,7.75101
29.76,189.788,8.33706
29.78,216.843,9.52554
29.8,194.881,8.56078
29.82,221.638,9.73617
29.84,191.26,8.40172
29.86,200.833,8.82224
29.88,199.054,8.7441
29.9,211.46,9.28907
29.92,177.389,7.79239
29.94,184.328,8.09721
29.96,180.918,7.94741
29.98,180.392,7.92431
30,201.701,8.86037
30.02,207.107,9.09785
30.04,198.791,8.73254
30.06,206.682,9.07918
30.08,189.596,8.32862
30.1,198.517,8.72051
30.12,183.836,8.0756
30.14,174.729,7.67554
30.16,182.745,8.02767
30.18,198.975,8.74063
30.2,166.497,7.31392
30.22,192.868,8.47236
30.24,192.119,8.43945
30.26,196.984,8.65316
30.28,198.193,8.70627
30.3,173.64,7.6277
30.32,178.345,7.83439
30.34,204.711,8.9926
30.36,194.177,8.52986
30.38,195.209,8.57519
30.4,167.159,7.343
30.42,187.696,8.24516
30.44,168.95,7.42168
30.46,175.493,7.7091
30.48,155.159,6.81586
30.5,170.363,7.48375
30.52,171.864,7.54969
30.54,154.05,6.76715
30.56,158.9,6.9802
30.58,159.406,7.00243
30.6,149.616,6.57237
30.62,156.692,6.88321
30.64,167.538,7.35965
30.66,153.501,6.74303
30.68,161.181,7.0804
30.7,154.578,6.79034
30.72,158.095,6.94484
30.74,171.407,7.52961
30.76,152.465,6.69752
30.78,148.106,6.50604
30.8,154.069,6.76798
30.82,140.752,6.18299
30.84,165.359,7.26393
30.86,164.248,7.21513
30.88,142.471,6.2585
30.9,159.02,6.98547
30.92,145.2,6.37838
30.94,150.264,6.60084
30.96,158.403,6.95837
30.98,142.501,6.25982
31,153.718,6.75256
31.02,134.863,5.9243
31.04,142.079,6.24128
31.06,146.86,6.4513
31.08,146.272,6.42547
31.1,156.568,6.87776
31.12,146.275,6.42561
31.14,157.822,6.93285
31.16,135.491,5.95188
31.18,118.293,5.19641
31.2,128.852,5.66024
31.22,139.07,6.1091
31.24,145.68,6.39947
31.26,126.521,5.55785
31.28,140.601,6.17636
31.3,142.863,6.27572
31.32,126.544,5.55886
31.34,134.928,5.92715
31.36,134.246,5.89719
31.38,123.381,5.41991
31.4,121.905,5.35507
31.42,151.531,6.65649
31.44,137.5,6.04014
31.46,129.306,5.68019
31.48,107.076,4.70366
31.5,124.81,5.48269
31.52,123.955,5.44513
31.54,119.075,5.23076
31.56,138.988,6.1055
31.58,131.59,5.78052
31.6,144.448,6.34535
31.62,127.314,5.59268
31.64,140.685,6.18005
31.66,125.821,5.5271
31.68,121.935,5.35639
31.7,136.321,5.98834
31.72,109.099,4.79253
31.74,135.649,5.95882
31.76,137.857,6.05582
31.78,142.138,6.24387
31.8,128.383,5.63964
31.82,120.324,5.28562
31.84,104.938,4.60974
31.86,113.683,4.9939
31.88,124.483,5.46832
31.9,119.254,5.23862
31.92,120.235,5.28171
31.94,120.895,5.31071
31.96,125.309,5.50461
31.98,101.723,4.46851
32,94.151,4.13589
32.02,106.884,4.69523
32.04,131.486,5.77595
32.06,115.655,5.08052
32.08,113.401,4.98151
32.1,127.49,5.60041
32.12,113.161,4.97097
32.14,113.552,4.98814
32.16,107.086,4.7041
32.18,123.106,5.40783
32.2,115.5,5.07371
32.22,114.476,5.02873
32.24,108.254,4.75541
32.26,96.529,4.24035
32.28,100.274,4.40486
32.3,95.486,4.19453
32.32,104.746,4.60131
32.34,98.904,4.34468
32.36,111.122,4.8814
32.38,114.039,5.00953
32.4,104.637,4.59652
32.42,101.572,4.46188
32.44,96.566,4.24198
32.46,110.363,4.84805
32.48,109.677,4.81792
32.5,103.598,4.55088
32.52,108.659,4.7732
32.54,102.547,4.50471
32.56,107.033,4.70177
32.58,127.688,5.60911
32.6,100.137,4.39884
32.62,100.264,4.40442
32.64,100.918,4.43315
32.66,97.671,4.29052
32.68,81.296,3.57119
32.7,87.787,3.85633
32.72,109.133,4.79402
32.74,99.811,4.38452
32.76,95.446,4.19278
32.78,104.65,4.59709
32.8,93.031,4.08669
32.82,97.575,4.2863
32.84,90.342,3.96857
32.86,86.695,3.80836
32.88,97.191,4.26943
32.9,91.807,4.03292
32.92,93.788,4.11994
32.94,95.205,4.18219
32.96,93.764,4.11889
32.98,93.349,4.10066
33,102.68,4.51055
33.02,100.592,4.41883
33.04,103.424,4.54324
33.06,112.506,4.94219
33.08,95.299,4.18632
33.1,79.308,3.48386
33.12,79.07,3.47341
33.14,84.788,3.72459
33.16,112.469,4.94057
33.18,96.996,4.26087
33.2,96.335,4.23183
33.22,91.604,4.024
33.24,88.273,3.87768
33.26,78.024,3.42746
33.28,84.432,3.70895
33.3,96.787,4.25168
33.32,87.47,3.8424
33.34,97.346,4.27624
33.36,85.458,3.75402
33.38,82.882,3.64086
33.4,82.206,3.61117
33.42,83.306,3.65949
33.44,83.028,3.64728
33.46,98.781,4.33928
33.48,89.718,3.94116
33.5,75.761,3.32805
33.52,81.402,3.57585
33.54,79.355,3.48593
33.56,92.724,4.0732
33.58,84.711,3.72121
33.6,89.997,3.95341
33.62,77.529,3.40571
33.64,88.451,3.8855
33.66,71.063,3.12167
33.68,69.924,3.07164
33.7,92.977,4.08432
33.72,78.038,3.42807
33.74,73.204,3.21572
33.76,87.565,3.84658
33.78,91.535,4.02097
33.8,85.29,3.74664
33.82,77.978,3.42544
33.84,79.564,3.49511
33.86,89.088,3.91348
33.88,74.553,3.27498
33.9,82.323,3.61631
33.92,90.106,3.9582
33.94,72.122,3.16819
33.96,85.192,3.74234
33.98,90.822,3.98965
34,95.117,4.17832
34.02,104.367,4.58466
34.04,99.105,4.35351
34.06,84.579,3.71541
34.08,98.117,4.31011
34.1,103.808,4.5601
34.12,100.175,4.40051
34.14,97.264,4.27264
34.16,86.356,3.79347
34.18,102.259,4.49206
34.2,89.844,3.94669
34.22,107.845,4.73744
34.24,90.462,3.97384
34.26,90.876,3.99202
34.28,97.728,4.29302
34.3,97.507,4.28331
34.32,96.073,4.22032
34.34,85.932,3.77484
34.36,80.951,3.55604
34.38,98.427,4.32373
34.4,104.995,4.61225
34.42,93.861,4.12315
34.44,83.32,3.6601
34.46,90.798,3.9886
34.48,85.014,3.73452
34.5,67.152,2.94987
34.52,72.848,3.20009
34.54,86.39,3.79496
34.56,86.766,3.81148
34.58,97.246,4.27185
34.6,76.964,3.38089
34.62,87.844,3.85883
34.64,83.774,3.68005
34.66,88.196,3.8743
34.68,95.561,4.19783
34.7,79.919,3.5107
34.72,103.067,4.52755
34.74,93.407,4.10321
34.76,96.392,4.23433
34.78,94.678,4.15904
34.8,86.563,3.80256
34.82,105.461,4.63272
34.84,103.276,4.53673
34.86,86.414,3.79602
34.88,86.739,3.81029
34.9,99.841,4.38584
34.92,102.843,4.51771
34.94,99.609,4.37565
34.96,111.95,4.91777
34.98,102.357,4.49636
35,127.868,5.61702
35.02,147.716,6.48891
35.04,145.372,6.38594
35.06,187.059,8.21718
35.08,191.975,8.43313
35.1,220.586,9.68996
35.12,233.326,10.2496
35.14,301.124,13.22785
35.16,345.437,15.17445
35.18,465.868,20.46477
35.2,704.688,30.95572
35.22,1170.387,51.41306
35.24,1804.451,79.26639
35.26,2276.439,100
35.28,2103.832,92.41768
35.3,1490.06,65.45574
35.32,1226.411,53.8741
35.34,1343.791,59.0304
35.36,1252.019,54.99901
35.38,957.722,42.07106
35.4,590.671,25.94715
35.42,359.332,15.78483
35.44,227.35,9.98709
35.46,198.224,8.70764
35.48,182.6,8.0213
35.5,147.616,6.48451
35.52,141.234,6.20416
35.54,127.854,5.6164
35.56,109.963,4.83048
35.58,120.239,5.28189
35.6,98.125,4.31046
35.62,102.55,4.50484
35.64,95.53,4.19647
35.66,92.887,4.08036
35.68,92.124,4.04685
35.7,105.05,4.61466
35.72,84.489,3.71145
35.74,67.112,2.94811
35.76,89.879,3.94823
35.78,87.597,3.84798
35.8,72.318,3.1768
35.82,78.803,3.46168
35.84,108.927,4.78497
35.86,87.848,3.85901
35.88,84.191,3.69836
35.9,72.608,3.18954
35.92,78.001,3.42645
35.94,81.145,3.56456
35.96,87.453,3.84166
35.98,84.766,3.72362
36,80.941,3.5556
36.02,68.781,3.02143
36.04,69.257,3.04234
36.06,76.624,3.36596
36.08,93.038,4.087
36.1,63.753,2.80056
36.12,76.119,3.34378
36.14,67.941,2.98453
36.16,62.268,2.73532
36.18,70.924,3.11557
36.2,70.504,3.09712
36.22,75.252,3.30569
36.24,68.588,3.01295
36.26,75.49,3.31614
36.28,81.52,3.58103
36.3,72.333,3.17746
36.32,72.285,3.17535
36.34,70.576,3.10028
36.36,76.965,3.38094
36.38,71.724,3.15071
36.4,75.008,3.29497
36.42,76.755,3.37171
36.44,87.085,3.82549
36.46,74.866,3.28873
36.48,83.193,3.65452
36.5,69.927,3.07177
36.52,89.702,3.94045
36.54,81.029,3.55946
36.56,73.946,3.24832
36.58,83.903,3.68571
36.6,73.399,3.22429
36.62,82.86,3.6399
36.64,71.47,3.13955
36.66,70.727,3.10691
36.68,78.923,3.46695
36.7,68.517,3.00983
36.72,72.366,3.17891
36.74,60.84,2.6726
36.76,63.321,2.78158
36.78,62.4,2.74112
36.8,66.919,2.93964
36.82,79.945,3.51184
36.84,82.47,3.62276
36.86,82.588,3.62795
36.88,80.311,3.52792
36.9,78.393,3.44367
36.92,67.31,2.95681
36.94,64.745,2.84414
36.96,62.346,2.73875
36.98,73.901,3.24634
37,77.488,3.40391
37.02,63.584,2.79313
37.04,57.978,2.54687
37.06,58.78,2.5821
37.08,74.748,3.28355
37.1,80.202,3.52313
37.12,71.91,3.15888
37.14,84.961,3.73219
37.16,65.45,2.8751
37.18,70.784,3.10942
37.2,89.913,3.94972
37.22,74.557,3.27516
37.24,68.766,3.02077
37.26,77.589,3.40835
37.28,93.008,4.08568
37.3,69.603,3.05754
37.32,60.141,2.64189
37.34,76.386,3.3555
37.36,75.796,3.32959
37.38,74.24,3.26123
37.4,75.758,3.32792
37.42,67.111,2.94807
37.44,72.054,3.16521
37.46,78.604,3.45294
37.48,80.818,3.55019
37.5,83.796,3.68101
37.52,61.343,2.69469
37.54,80.374,3.53069
37.56,76.699,3.36925
37.58,69.528,3.05424
37.6,89.75,3.94256
37.62,88.115,3.87074
37.64,102.393,4.49795
37.66,83.85,3.68338
37.68,92.479,4.06244
37.7,113.424,4.98252
37.72,111.179,4.8839
37.74,124.855,5.48466
37.76,140.512,6.17245
37.78,178.654,7.84796
37.8,211.471,9.28955
37.82,309.963,13.61613
37.84,438.604,19.26711
37.86,689.212,30.27588
37.88,898.908,39.48746
37.9,883.53,38.81193
37.92,641.025,28.15911
37.94,505.197,22.19242
37.96,494.191,21.70895
37.98,560.301,24.61305
38,480.13,21.09127
38.02,331.027,14.54144
38.04,190.009,8.34676
38.06,137.586,6.04391
38.08,117.518,5.16236
38.1,105.051,4.61471
38.12,94.556,4.15368
38.14,86.881,3.81653
38.16,81.792,3.59298
38.18,61.792,2.71441
38.2,81.285,3.57071
38.22,73.938,3.24797
38.24,70.01,3.07542
38.26,84.245,3.70074
38.28,68.712,3.0184
38.3,65.046,2.85736
38.32,69.817,3.06694
38.34,63.403,2.78518
38.36,60.517,2.65841
38.38,70.963,3.11728
38.4,75.496,3.31641
38.42,70.444,3.09448
38.44,75.349,3.30995
38.46,75.639,3.32269
38.48,69.786,3.06558
38.5,68.999,3.03101
38.52,71.06,3.12154
38.54,67.907,2.98304
38.56,71.412,3.137
38.58,56.416,2.47826
38.6,56.903,2.49965
38.62,88.768,3.89942
38.64,75.592,3.32062
38.66,68.682,3.01708
38.68,70.694,3.10546
38.7,72.17,3.1703
38.72,72.618,3.18998
38.74,58.652,2.57648
38.76,70.56,3.09958
38.78,71.071,3.12203
38.8,59.818,2.6277
38.82,66.473,2.92004
38.84,76.354,3.3541
38.86,61.856,2.71723
38.88,62.476,2.74446
38.9,71.854,3.15642
38.92,76.033,3.34
38.94,62.397,2.74099
38.96,47.362,2.08053
38.98,67.301,2.95642
39,62.22,2.73322
39.02,71.855,3.15646
39.04,66.392,2.91648
39.06,81.061,3.56087
39.08,76.599,3.36486
39.1,86.312,3.79154
39.12,95.788,4.2078
39.14,70.966,3.11741
39.16,71.438,3.13815
39.18,53.326,2.34252
39.2,64.161,2.81848
39.22,72.039,3.16455
39.24,65.276,2.86746
39.26,57.394,2.52122
39.28,62.725,2.7554
39.3,74.136,3.25667
39.32,66.528,2.92246
39.34,62.493,2.74521
39.36,63.481,2.78861
39.38,62.29,2.73629
39.4,60.925,2.67633
39.42,64.558,2.83592
39.44,59.242,2.6024
39.46,67.715,2.9746
39.48,67.98,2.98624
39.5,56.979,2.50299
39.52,63.966,2.80991
39.54,64.686,2.84154
39.56,65.346,2.87054
39.58,66.222,2.90902
39.6,69.274,3.04309
39.62,65.154,2.8621
39.64,45.998,2.02061
39.66,67.754,2.97632
39.68,83.681,3.67596
39.7,72.676,3.19253
39.72,71.654,3.14764
39.74,63.882,2.80622
39.76,56.368,2.47615
39.78,58.406,2.56567
39.8,62.852,2.76098
39.82,64.074,2.81466
39.84,55.529,2.43929
39.86,60.411,2.65375
39.88,72.739,3.1953
39.9,67.221,2.9529
39.92,65.84,2.89224
39.94,56.356,2.47562
39.96,63.629,2.79511
39.98,66.099,2.90361
40,72.452,3.18269
40.02,60.046,2.63772
40.04,61.821,2.71569
40.06,71.865,3.1569
40.08,65.321,2.86944
40.1,54.071,2.37524
40.12,71.646,3.14728
40.14,70.503,3.09707
40.16,52.585,2.30997
40.18,63.163,2.77464
40.2,67.108,2.94794
40.22,74.517,3.2734
40.24,69.112,3.03597
40.26,58.933,2.58882
40.28,70.247,3.08583
40.3,70.284,3.08745
40.32,59.48,2.61285
40.34,48.453,2.12846
40.36,67.51,2.9656
40.38,67.661,2.97223
40.4,73.701,3.23756
40.42,66.042,2.90111
40.44,68.815,3.02292
40.46,60.862,2.67356
40.48,66.339,2.91416
40.5,51.933,2.28133
40.52,57.801,2.5391
40.54,69.199,3.03979
40.56,60.877,2.67422
40.58,52.497,2.3061
40.6,65.403,2.87304
40.62,68.262,2.99863
40.64,74.828,3.28706
40.66,52.464,2.30465
40.68,51.848,2.27759
40.7,71.055,3.12132
40.72,68.507,3.00939
40.74,70.024,3.07603
40.76,61.939,2.72087
40.78,70.149,3.08152
40.8,66.786,2.93379
40.82,64.009,2.8118
40.84,73.603,3.23325
40.86,74.82,3.28671
40.88,64.048,2.81352
40.9,72.318,3.1768
40.92,63.475,2.78835
40.94,65.32,2.86939
40.96,58.695,2.57837
40.98,62.844,2.76063
41,63.452,2.78734
41.02,49.678,2.18227
41.04,59.978,2.63473
41.06,64.92,2.85182
41.08,68.07,2.9902
41.1,69.478,3.05205
41.12,69.418,3.04941
41.14,64.001,2.81145
41.16,62.055,2.72597
41.18,57.587,2.5297
41.2,55.364,2.43204
41.22,59.473,2.61255
41.24,59.339,2.60666
41.26,59.941,2.6331
41.28,65.949,2.89702
41.3,58.948,2.58948
41.32,60.013,2.63627
41.34,77.918,3.4228
41.36,71.246,3.12971
41.38,62.946,2.76511
41.4,57.9,2.54345
41.42,50.276,2.20854
41.44,65.068,2.85832
41.46,56.664,2.48915
41.48,56.954,2.50189
41.5,55.119,2.42128
41.52,58.809,2.58338
41.54,60.521,2.65858
41.56,59.203,2.60068
41.58,58.23,2.55794
41.6,59.999,2.63565
41.62,67.512,2.96568
41.64,56.818,2.49592
41.66,57.147,2.51037
41.68,57.108,2.50865
41.7,63.811,2.80311
41.72,68.527,3.01027
41.74,77.048,3.38458
41.76,84.305,3.70337
41.78,79.987,3.51369
41.8,67.633,2.971
41.82,70.586,3.10072
41.84,68.403,3.00482
41.86,71.773,3.15286
41.88,56.653,2.48867
41.9,83.811,3.68167
41.92,66.151,2.9059
41.94,69.485,3.05236
41.96,64.255,2.82261
41.98,59.627,2.61931
42,66.636,2.9272
42.02,58.918,2.58817
42.04,48.573,2.13373
42.06,63.712,2.79876
42.08,71.208,3.12804
42.1,70.377,3.09154
42.12,85.874,3.7723
42.14,85.765,3.76751
42.16,83.473,3.66682
42.18,61.063,2.68239
42.2,58.219,2.55746
42.22,52.863,2.32218
42.24,63.405,2.78527
42.26,75.47,3.31527
42.28,50.777,2.23055
42.3,46.62,2.04794
42.32,65.927,2.89606
42.34,63.138,2.77354
42.36,75.46,3.31483
42.38,63.237,2.77789
42.4,70.379,3.09163
42.42,63.811,2.80311
42.44,75.724,3.32642
42.46,69.814,3.06681
42.48,59.493,2.61342
42.5,69.739,3.06351
42.52,78.697,3.45702
42.54,69.97,3.07366
42.56,54.386,2.38908
42.58,71.649,3.14742
42.6,70.177,3.08275
42.62,70.297,3.08802
42.64,66.237,2.90968
42.66,70.883,3.11377
42.68,78.909,3.46633
42.7,80.118,3.51944
42.72,67.037,2.94482
42.74,67.078,2.94662
42.76,70.115,3.08003
42.78,62.22,2.73322
42.8,67.99,2.98668
42.82,73.735,3.23905
42.84,77.698,3.41314
42.86,52.548,2.30834
42.88,74.844,3.28777
42.9,71.84,3.15581
42.92,74.369,3.2669
42.94,84.587,3.71576
42.96,85.943,3.77533
42.98,76.477,3.3595
43,64.833,2.848
43.02,68.666,3.01638
43.04,73.016,3.20747
43.06,89.232,3.91981
43.08,77.359,3.39825
43.1,97.14,4.26719
43.12,80.311,3.52792
43.14,89.552,3.93386
43.16,92.687,4.07158
43.18,91.01,3.99791
43.2,107.483,4.72154
43.22,121.713,5.34664
43.24,139.984,6.14925
43.26,163.39,7.17744
43.28,171.468,7.53229
43.3,209.995,9.22471
43.32,215.503,9.46667
43.34,247.479,10.87132
43.36,350.542,15.3987
43.38,460.167,20.21433
43.4,704.14,30.93164
43.42,1161.639,51.02878
43.44,1714.054,75.29541
43.46,2228.466,97.89263
43.48,2072.364,91.03534
43.5,1389.592,61.04236
43.52,989.242,43.45568
43.54,987.612,43.38407
43.56,1155.697,50.76776
43.58,1232.194,54.12814
43.6,922.993,40.54547
43.62,592.013,26.0061
43.64,354.128,15.55623
43.66,284.901,12.5152
43.68,206.687,9.0794
43.7,147.21,6.46668
43.72,128.25,5.6338
43.74,127.587,5.60467
43.76,132.885,5.83741
43.78,95.466,4.19366
43.8,102.031,4.48204
43.82,83.288,3.6587
43.84,75.327,3.30898
43.86,93.387,4.10233
43.88,78.323,3.44059
43.9,77.67,3.41191
43.92,83.179,3.65391
43.94,71.136,3.12488
43.96,69.567,3.05596
43.98,72.096,3.16705
44,61.332,2.69421
44.02,79.527,3.49348
44.04,58.521,2.57073
44.06,54.042,2.37397
44.08,60.671,2.66517
44.1,74.25,3.26167
44.12,69.825,3.06729
44.14,70.093,3.07906
44.16,63.899,2.80697
44.18,61.96,2.72179
44.2,59.096,2.59598
44.22,56.896,2.49934
44.24,63.005,2.7677
44.26,53.094,2.33233
44.28,70.522,3.09791
44.3,61.136,2.6856
44.32,67.144,2.94952
44.34,57.865,2.54191
44.36,60.212,2.64501
44.38,55.542,2.43986
44.4,66.015,2.89992
44.42,56.249,2.47092
44.44,46.673,2.05026
44.46,54.224,2.38197
44.48,65.449,2.87506
44.5,69.492,3.05266
44.52,69.2,3.03984
44.54,54.666,2.40138
44.56,59.187,2.59998
44.58,57.091,2.50791
44.6,35.845,1.57461
44.62,59.655,2.62054
44.64,51.042,2.24219
44.66,52.683,2.31427
44.68,66.352,2.91473
44.7,54.294,2.38504
44.72,52.538,2.3079
44.74,51.027,2.24153
44.76,69.827,3.06738
44.78,53.373,2.34458
44.8,54.813,2.40784
44.82,53.364,2.34419
44.84,65.376,2.87185
44.86,66.129,2.90493
44.88,64.132,2.81721
44.9,54,2.37213
44.92,50.149,2.20296
44.94,64.862,2.84927
44.96,57.784,2.53835
44.98,61.249,2.69056
45,58.49,2.56936
45.02,49.784,2.18692
45.04,73.32,3.22082
45.06,65.369,2.87155
45.08,46.23,2.0308
45.1,59.227,2.60174
45.12,59.979,2.63477
45.14,57.369,2.52012
45.16,52.974,2.32706
45.18,48.497,2.13039
45.2,57.21,2.51314
45.22,66.354,2.91482
45.24,55.4,2.43363
45.26,54.35,2.3875
45.28,57.722,2.53563
45.3,57.409,2.52188
45.32,61.097,2.68388
45.34,69.109,3.03584
45.36,67.938,2.9844
45.38,52.274,2.29631
45.4,64.884,2.85024
45.42,61.277,2.69179
45.44,56.934,2.50101
45.46,56.541,2.48375
45.48,58.571,2.57292
45.5,64.074,2.81466
45.52,55.959,2.45818
45.54,56.81,2.49556
45.56,55.182,2.42405
45.58,57.289,2.51661
45.6,52.929,2.32508
45.62,60.929,2.6765
45.64,42.343,1.86005
45.66,49.764,2.18605
45.68,54.289,2.38482
45.7,47.932,2.10557
45.72,52.744,2.31695
45.74,50.069,2.19944
45.76,59.374,2.6082
45.78,55.34,2.43099
45.8,42.845,1.88211
45.82,43.883,1.9277
45.84,52.457,2.30434
45.86,57.979,2.54692
45.88,54.883,2.41091
45.9,65.079,2.85881
45.92,61.865,2.71762
45.94,49.971,2.19514
45.96,57.011,2.50439
45.98,64.088,2.81527
46,53.543,2.35205
46.02,44.595,1.95898
46.04,51.689,2.27061
46.06,53.106,2.33285
46.08,54.296,2.38513
46.1,56.605,2.48656
46.12,58.191,2.55623
46.14,64.533,2.83482
46.16,68.224,2.99696
46.18,56.79,2.49469
46.2,57.608,2.53062
46.22,53.974,2.37098
46.24,61.46,2.69983
46.26,80.41,3.53227
46.28,86.492,3.79944
46.3,78.263,3.43796
46.32,78.068,3.42939
46.34,53.063,2.33097
46.36,58.825,2.58408
46.38,60.669,2.66508
46.4,65.672,2.88486
46.42,64.225,2.82129
46.44,51.074,2.24359
46.46,49.741,2.18504
46.48,58.459,2.568
46.5,52.509,2.30663
46.52,53.258,2.33953
46.54,51.577,2.26569
46.56,56.335,2.4747
46.58,46.995,2.06441
46.6,58.391,2.56501
46.62,56.869,2.49816
46.64,57.014,2.50453
46.66,56.865,2.49798
46.68,50.168,2.20379
46.7,58.666,2.5771
46.72,50.898,2.23586
46.74,62.112,2.72847
46.76,69.56,3.05565
46.78,60.078,2.63912
46.8,47.301,2.07785
46.82,71.351,3.13433
46.84,58.389,2.56493
46.86,51.205,2.24935
46.88,51.2,2.24913
46.9,45.989,2.02022
46.92,49.433,2.17151
46.94,40.763,1.79065
46.96,52.689,2.31454
46.98,70.977,3.1179
47,55.454,2.436
47.02,70.554,3.09931
47.04,67.499,2.96511
47.06,58.386,2.5648
47.08,55.288,2.42871
47.1,57.825,2.54015
47.12,46.718,2.05224
47.14,52.386,2.30123
47.16,51.234,2.25062
47.18,63.053,2.76981
47.2,70.521,3.09786
47.22,56.287,2.47259
47.24,61.424,2.69825
47.26,49.481,2.17361
47.28,64.127,2.81699
47.3,52.189,2.29257
47.32,57.421,2.5224
47.34,56.693,2.49042
47.36,52.285,2.29679
47.38,58.295,2.5608
47.4,50.939,2.23766
47.42,46.777,2.05483
47.44,37.361,1.6412
47.46,51.399,2.25787
47.48,55.303,2.42936
47.5,46.272,2.03265
47.52,44.609,1.9596
47.54,50.967,2.23889
47.56,57.717,2.53541
47.58,59.7,2.62252
47.6,46.743,2.05334
47.62,54.132,2.37792
47.64,52.759,2.31761
47.66,42.517,1.8677
47.68,48.517,2.13127
47.7,37.837,1.66211
47.72,41.197,1.80971
47.74,48.485,2.12986
47.76,55.248,2.42695
47.78,56.402,2.47764
47.8,45.329,1.99122
47.82,49.651,2.18108
47.84,49.391,2.16966
47.86,47.133,2.07047
47.88,54.799,2.40722
47.9,48.773,2.14251
47.92,48.459,2.12872
47.94,42.742,1.87758
47.96,49.198,2.16118
47.98,46.876,2.05918
48,48.628,2.13614
48.02,54.217,2.38166
48.04,56.853,2.49745
48.06,45.932,2.01771
48.08,47.484,2.08589
48.1,45.237,1.98718
48.12,47.762,2.0981
48.14,40.823,1.79328
48.16,45.433,1.99579
48.18,47.644,2.09292
48.2,49.571,2.17757
48.22,39.483,1.73442
48.24,45.09,1.98073
48.26,58.197,2.55649
48.28,45.169,1.9842
48.3,41.748,1.83392
48.32,35.757,1.57074
48.34,42.877,1.88351
48.36,46.057,2.0232
48.38,55.369,2.43226
48.4,41.15,1.80765
48.42,56.23,2.47009
48.44,49.959,2.19461
48.46,53.658,2.3571
48.48,44.756,1.96605
48.5,51.081,2.2439
48.52,48.326,2.12288
48.54,47.403,2.08233
48.56,42.366,1.86106
48.58,38.593,1.69532
48.6,43.388,1.90596
48.62,42.472,1.86572
48.64,39.451,1.73301
48.66,42.397,1.86243
48.68,44.989,1.97629
48.7,55.586,2.4418
48.72,50.401,2.21403
48.74,56.282,2.47237
48.76,51.466,2.26081
48.78,50.727,2.22835
48.8,53.719,2.35978
48.82,53.673,2.35776
48.84,47.812,2.1003
48.86,51.796,2.27531
48.88,41.859,1.83879
48.9,48.496,2.13034
48.92,52.368,2.30044
48.94,52.414,2.30246
48.96,50.745,2.22914
48.98,51.376,2.25686
49,41.553,1.82535
49.02,50.062,2.19914
49.04,50.326,2.21073
49.06,60.639,2.66377
49.08,45.745,2.0095
49.1,40.239,1.76763
49.12,56.431,2.47892
49.14,50.979,2.23942
49.16,55.547,2.44008
49.18,47.245,2.07539
49.2,46.731,2.05281
49.22,39.733,1.7454
49.24,59.718,2.62331
49.26,37.302,1.63861
49.28,51.099,2.24469
49.3,52.592,2.31027
49.32,48.215,2.118
49.34,50.235,2.20674
49.36,52.69,2.31458
49.38,51.305,2.25374
49.4,37.624,1.65276
49.42,43.512,1.91141
49.44,55.064,2.41887
49.46,58.085,2.55157
49.48,47.022,2.06559
49.5,46.704,2.05163
49.52,53.377,2.34476
49.54,63.661,2.79652
49.56,50.629,2.22404
49.58,52.958,2.32635
49.6,52.524,2.30729
49.62,47.274,2.07666
49.64,42.176,1.85272
49.66,51.004,2.24052
49.68,35.359,1.55326
49.7,44.085,1.93658
49.72,51.415,2.25857
49.74,49.99,2.19597
49.76,43.47,1.90956
49.78,40.286,1.76969
49.8,46.549,2.04482
49.82,43.404,1.90666
49.84,43.404,1.90666
49.86,46.463,2.04104
49.88,46.515,2.04332
49.9,50.217,2.20595
49.92,45.839,2.01363
49.94,46.057,2.0232
49.96,61.522,2.70255
49.98,44.615,1.95986
50,52.768,2.31801
50.02,55.947,2.45765
50.04,39.616,1.74026
50.06,51.25,2.25132
50.08,55.128,2.42168
50.1,50.433,2.21543
50.12,57.127,2.50949
50.14,44.907,1.97269
50.16,46.819,2.05668
50.18,54.527,2.39528
50.2,55.064,2.41887
50.22,42.496,1.86678
50.24,60.686,2.66583
50.26,54.639,2.4002
50.28,50.803,2.23169
50.3,54.675,2.40178
50.32,51.823,2.27649
50.34,42.486,1.86634
50.36,44.588,1.95867
50.38,49.988,2.19589
50.4,49.753,2.18556
50.42,45.338,1.99162
50.44,45.882,2.01552
50.46,61.183,2.68766
50.48,55.759,2.4494
50.5,41.344,1.81617
50.52,44.818,1.96878
50.54,53.401,2.34581
50.56,44.323,1.94703
50.58,56.959,2.50211
50.6,50.793,2.23125
50.62,57.016,2.50461
50.64,52.929,2.32508
50.66,49.246,2.16329
50.68,38.048,1.67138
50.7,48.977,2.15147
50.72,53.738,2.36062
50.74,47.7,2.09538
50.76,56.649,2.48849
50.78,52.826,2.32055
50.8,59.977,2.63469
50.82,57.048,2.50602
50.84,44.185,1.94097
50.86,34.498,1.51544
50.88,39.01,1.71364
50.9,52.648,2.31273
50.92,48.443,2.12802
50.94,39.159,1.72019
50.96,46.598,2.04697
50.98,61.068,2.68261
51,45.535,2.00027
51.02,55.759,2.4494
51.04,47.429,2.08347
51.06,45.915,2.01697
51.08,56.306,2.47342
51.1,55.868,2.45418
51.12,56.181,2.46793
51.14,58.81,2.58342
51.16,43.349,1.90425
51.18,49.866,2.19053
51.2,53.017,2.32894
51.22,57.487,2.5253
51.24,48.459,2.12872
51.26,52.022,2.28524
51.28,51.621,2.26762
51.3,44.6,1.9592
51.32,41.054,1.80343
51.34,39.248,1.7241
51.36,48.848,2.14581
51.38,56.142,2.46622
51.4,49.227,2.16246
51.42,44.25,1.94383
51.44,52.546,2.30825
51.46,52.856,2.32187
51.48,62.065,2.72641
51.5,55.746,2.44882
51.52,36.979,1.62442
51.54,48.766,2.14221
51.56,43.797,1.92393
51.58,47.391,2.0818
51.6,42.834,1.88162
51.62,52.485,2.30557
51.64,65.445,2.87488
51.66,54.856,2.40973
51.68,38.227,1.67925
51.7,52.679,2.3141
51.72,40.793,1.79197
51.74,43.914,1.92907
51.76,49.238,2.16294
51.78,45.08,1.98029
51.8,36.944,1.62289
51.82,43.611,1.91576
51.84,55.23,2.42616
51.86,51.569,2.26534
51.88,55.744,2.44874
51.9,52.572,2.3094
51.92,50.559,2.22097
51.94,50.621,2.22369
51.96,59.24,2.60231
51.98,51.911,2.28036
52,49.607,2.17915
52.02,38.73,1.70134
52.04,49.749,2.18539
52.06,57.166,2.5112
52.08,43.828,1.92529
52.1,46.318,2.03467
52.12,67.179,2.95106
52.14,60.378,2.6523
52.16,52.599,2.31058
52.18,48.817,2.14445
52.2,49.163,2.15964
52.22,49.571,2.17757
52.24,58.323,2.56203
52.26,52.888,2.32328
52.28,52.342,2.29929
52.3,51.722,2.27206
52.32,62.638,2.75158
52.34,57.713,2.53523
52.36,50.883,2.2352
52.38,64.148,2.81791
52.4,68.903,3.02679
52.42,77.13,3.38819
52.44,80.073,3.51747
52.46,76.659,3.3675
52.48,85.12,3.73917
52.5,91.442,4.01689
52.52,121.699,5.34603
52.54,154.641,6.79311
52.56,178.248,7.83012
52.58,242.134,10.63652
52.6,314.804,13.82879
52.62,548.585,24.09838
52.64,788.448,34.63515
52.66,955.469,41.97209
52.68,797.446,35.03041
52.7,515.515,22.64568
52.72,371.918,16.33771
52.74,324.724,14.26456
52.76,390.948,17.17366
52.78,465.744,20.45932
52.8,480.468,21.10612
52.82,466.895,20.50988
52.84,322.67,14.17433
52.86,174.35,7.65889
52.88,126.725,5.56681
52.9,103.177,4.53239
52.92,88.672,3.89521
52.94,69.117,3.03619
52.96,68.056,2.98958
52.98,63.323,2.78167
53,60.429,2.65454
53.02,61.448,2.6993
53.04,56.176,2.46771
53.06,52.945,2.32578
53.08,65.334,2.87001
53.1,55.052,2.41834
53.12,59.378,2.60837
53.14,52.322,2.29841
53.16,40.833,1.79372
53.18,43.063,1.89168
53.2,50.528,2.21961
53.22,57.004,2.50409
53.24,50.419,2.21482
53.26,53.236,2.33856
53.28,58.43,2.56673
53.3,50.127,2.20199
53.32,42.842,1.88197
53.34,50.128,2.20204
53.36,58.431,2.56677
53.38,42.118,1.85017
53.4,45.394,1.99408
53.42,37.052,1.62763
53.44,45.109,1.98156
53.46,45.065,1.97963
53.48,51.197,2.249
53.5,50.961,2.23863
53.52,42.928,1.88575
53.54,39.271,1.72511
53.56,49.287,2.16509
53.58,38.801,1.70446
53.6,45.476,1.99768
53.62,54.987,2.41548
53.64,46.464,2.04108
53.66,37.814,1.6611
53.68,45.383,1.9936
53.7,42.5,1.86695
53.72,51.211,2.24961
53.74,53.76,2.36158
53.76,44.198,1.94154
53.78,28.009,1.23039
53.8,41.305,1.81446
53.82,42.874,1.88338
53.84,47.015,2.06529
53.86,52.899,2.32376
53.88,51.647,2.26876
53.9,49.517,2.1752
53.92,45.269,1.98859
53.94,51.114,2.24535
53.96,44.169,1.94027
53.98,55.007,2.41636
54,42.558,1.8695
54.02,37.271,1.63725
54.04,43.024,1.88997
54.06,32.928,1.44647
54.08,37.903,1.66501
54.1,46.027,2.02189
54.12,59.164,2.59897
54.14,47.024,2.06568
54.16,44.032,1.93425
54.18,62.769,2.75733
54.2,49.783,2.18688
54.22,48.496,2.13034
54.24,46.358,2.03643
54.26,36.414,1.5996
54.28,33.617,1.47674
54.3,28.748,1.26285
54.32,31.87,1.39999
54.34,42.422,1.86352
54.36,45.334,1.99144
54.38,46.494,2.0424
54.4,55.614,2.44303
54.42,48.49,2.13008
54.44,51.405,2.25813
54.46,36.908,1.6213
54.48,32.65,1.43426
54.5,41.498,1.82293
54.52,41.012,1.80159
54.54,42.657,1.87385
54.56,44.77,1.96667
54.58,40.655,1.7859
54.6,40.532,1.7805
54.62,41.939,1.84231
54.64,36.058,1.58397
54.66,39.473,1.73398
54.68,46.678,2.05048
54.7,48.384,2.12542
54.72,41.305,1.81446
54.74,40.546,1.78112
54.76,49.209,2.16167
54.78,41.862,1.83892
54.8,40.67,1.78656
54.82,40.729,1.78915
54.84,42.01,1.84543
54.86,40.11,1.76196
54.88,47.996,2.10838
54.9,48.123,2.11396
54.92,43.554,1.91325
54.94,41.946,1.84261
54.96,40.336,1.77189
54.98,35.769,1.57127
55,44.381,1.94958
55.02,35.453,1.55739
55.04,38.716,1.70073
55.06,36.922,1.62192
55.08,42.981,1.88808
55.1,44.821,1.96891
55.12,47.088,2.06849
55.14,46.102,2.02518
55.16,43.023,1.88993
55.18,50.158,2.20335
55.2,40.083,1.76078
55.22,32.479,1.42675
55.24,36.243,1.59209
55.26,38.676,1.69897
55.28,52.378,2.30087
55.3,43.644,1.9172
55.32,42.751,1.87798
55.34,41.463,1.8214
55.36,39.314,1.727
55.38,37.758,1.65864
55.4,49.309,2.16606
55.42,36.616,1.60848
55.44,37.446,1.64494
55.46,33.721,1.4813
55.48,41.631,1.82878
55.5,39.123,1.71861
55.52,37.472,1.64608
55.54,32.047,1.40777
55.56,42.444,1.86449
55.58,42.766,1.87864
55.6,43.015,1.88957
55.62,49.603,2.17897
55.64,49.845,2.1896
55.66,34.324,1.50779
55.68,53.474,2.34902
55.7,52.016,2.28497
55.72,39.513,1.73574
55.74,45.91,2.01675
55.76,46.037,2.02233
55.78,47.25,2.07561
55.8,37.361,1.6412
55.82,35.337,1.55229
55.84,42.643,1.87323
55.86,47.093,2.06871
55.88,47.511,2.08708
55.9,47.03,2.06595
55.92,45.106,1.98143
55.94,41.048,1.80317
55.96,47.127,2.07021
55.98,46.185,2.02883
56,43.526,1.91202
56.02,30.346,1.33305
56.04,39.381,1.72994
56.06,45.071,1.97989
56.08,41.734,1.8333
56.1,51.77,2.27417
56.12,47.46,2.08484
56.14,45.377,1.99333
56.16,44.777,1.96698
56.18,43.706,1.91993
56.2,43.897,1.92832
56.22,45.501,1.99878
56.24,42.695,1.87552
56.26,53.355,2.34379
56.28,48.04,2.11031
56.3,40.16,1.76416
56.32,39.51,1.73561
56.34,30.222,1.3276
56.36,30.271,1.32975
56.38,47.351,2.08005
56.4,52.782,2.31862
56.42,38.557,1.69374
56.44,37.449,1.64507
56.46,47.013,2.0652
56.48,52.317,2.29819
56.5,36.919,1.62179
56.52,44.305,1.94624
56.54,38.099,1.67362
56.56,39.632,1.74096
56.58,40.397,1.77457
56.6,44.304,1.9462
56.62,50.115,2.20146
56.64,47.025,2.06573
56.66,54.509,2.39449
56.68,52.556,2.30869
56.7,48.548,2.13263
56.72,39.44,1.73253
56.74,40.707,1.78819
56.76,47.733,2.09683
56.78,44.8,1.96799
56.8,63.493,2.78914
56.82,49.219,2.1621
56.84,40.833,1.79372
56.86,47.418,2.08299
56.88,45.271,1.98868
56.9,50.626,2.22391
56.92,42.529,1.86822
56.94,41.503,1.82315
56.96,47.663,2.09375
56.98,57.816,2.53976
57,54.886,2.41105
57.02,57.562,2.5286
57.04,46.478,2.0417
57.06,50.75,2.22936
57.08,45.67,2.0062
57.1,69.853,3.06852
57.12,70.875,3.11342
57.14,61.915,2.71982
57.16,61.455,2.69961
57.18,65.222,2.86509
57.2,63.075,2.77077
57.22,63.276,2.7796
57.24,67.083,2.94684
57.26,68.917,3.0274
57.28,71.172,3.12646
57.3,84.933,3.73096
57.32,89.303,3.92293
57.34,93.988,4.12873
57.36,92.662,4.07048
57.38,93.877,4.12385
57.4,106.572,4.68152
57.42,122.63,5.38692
57.44,123.619,5.43037
57.46,165.049,7.25032
57.48,204.757,8.99462
57.5,275.134,12.08616
57.52,420.064,18.45268
57.54,570.756,25.07232
57.56,849.512,37.31758
57.58,1319.671,57.97085
57.6,1693.517,74.39325
57.62,1601.077,70.33252
57.64,1180.336,51.8501
57.66,761.852,33.46683
57.68,545.863,23.97881
57.7,526.79,23.14097
57.72,606.105,26.62514
57.74,847.168,37.21461
57.76,961.064,42.21787
57.78,835.587,36.70588
57.8,581.216,25.53181
57.82,362.013,15.9026
57.84,248.155,10.90102
57.86,161.365,7.08848
57.88,152.196,6.68571
57.9,113.57,4.98893
57.92,99.375,4.36537
57.94,90.034,3.95504
57.96,69.354,3.0466
57.98,77.572,3.4076
58,78.097,3.43067
58.02,68.797,3.02213
58.04,61.988,2.72302
58.06,58.673,2.5774
58.08,54.753,2.4052
58.1,48.421,2.12705
58.12,79.981,3.51343
58.14,42.467,1.8655
58.16,52.131,2.29002
58.18,68.187,2.99534
58.2,59.289,2.60446
58.22,49.078,2.15591
58.24,50.503,2.21851
58.26,54.754,2.40525
58.28,48.174,2.1162
58.3,47.578,2.09002
58.32,49.664,2.18165
58.34,44.511,1.95529
58.36,35.614,1.56446
58.38,53.366,2.34428
58.4,43.124,1.89436
58.42,36.671,1.61089
58.44,41.408,1.81898
58.46,39.469,1.7338
58.48,43.195,1.89748
58.5,42.605,1.87156
58.52,34.108,1.49831
58.54,35.473,1.55827
58.56,32.608,1.43241
58.58,38.722,1.70099
58.6,45.744,2.00945
58.62,35.429,1.55633
58.64,37.459,1.64551
58.66,38.474,1.6901
58.68,42.558,1.8695
58.7,34.158,1.5005
58.72,50.669,2.2258
58.74,43.115,1.89397
58.76,40.498,1.77901
58.78,44.572,1.95797
58.8,48.247,2.11941
58.82,48.57,2.1336
58.84,42.024,1.84604
58.86,35.087,1.54131
58.88,42.103,1.84951
58.9,29.936,1.31504
58.92,29.55,1.29808
58.94,37.977,1.66826
58.96,41.711,1.83229
58.98,37.656,1.65416
59,52.302,2.29754
59.02,42.721,1.87666
59.04,43.57,1.91395
59.06,38.198,1.67797
59.08,49.427,2.17124
59.1,47.128,2.07025
59.12,44.07,1.93592
59.14,37.427,1.6441
59.16,40.284,1.76961
59.18,36.222,1.59117
59.2,54.017,2.37287
59.22,47.247,2.07548
59.24,30.641,1.34601
59.26,37.257,1.63664
59.28,44.469,1.95345
59.3,45.428,1.99557
59.32,40.824,1.79333
59.34,44.865,1.97084
59.36,36.433,1.60044
59.38,46.844,2.05778
59.4,44.105,1.93746
59.42,39.094,1.71733
59.44,50.625,2.22387
59.46,40.619,1.78432
59.48,44.233,1.94308
59.5,47.218,2.0742
59.52,48.324,2.12279
59.54,44.137,1.93886
59.56,52.925,2.3249
59.58,46.271,2.0326
59.6,43.9,1.92845
59.62,47.158,2.07157
59.64,41.433,1.82008
59.66,45.253,1.98789
59.68,43.104,1.89348
59.7,44.389,1.94993
59.72,39.787,1.74777
59.74,52.428,2.30307
59.76,39.557,1.73767
59.78,46.098,2.025
59.8,67.651,2.97179
59.82,79.51,3.49274
59.84,88.756,3.8989
59.86,82.539,3.62579
59.88,60.079,2.63917
59.9,48.664,2.13772
59.92,46.024,2.02175
59.94,59.114,2.59678
59.96,55.133,2.4219
59.98,69.352,3.04651
60,67.01,2.94363
60.02,62.606,2.75017
60.04,54.523,2.3951
60.06,63.508,2.7898
60.08,45.744,2.00945
60.1,38.805,1.70464
60.12,44.639,1.96091
60.14,48.196,2.11717
60.16,51.263,2.25189
60.18,52.109,2.28906
60.2,44.276,1.94497
60.22,32.594,1.4318
60.24,35.992,1.58107
60.26,40.429,1.77598
60.28,40.196,1.76574
60.3,40.489,1.77861
60.32,43.238,1.89937
60.34,28.853,1.26746
60.36,42.007,1.84529
60.38,36.407,1.5993
60.4,46.682,2.05066
60.42,37.881,1.66405
60.44,35.802,1.57272
60.46,41.238,1.81151
60.48,34.712,1.52484
60.5,42.919,1.88536
60.52,39.479,1.73424
60.54,44.377,1.9494
60.56,40.337,1.77193
60.58,38.802,1.7045
60.6,40.22,1.76679
60.62,41.664,1.83023
60.64,45.795,2.01169
60.66,34.36,1.50937
60.68,45.047,1.97884
60.7,38.291,1.68206
60.72,31.742,1.39437
60.74,34.159,1.50055
60.76,35.851,1.57487
60.78,30.735,1.35014
60.8,47.398,2.08211
60.82,32.19,1.41405
60.84,39.387,1.7302
60.86,35.194,1.54601
60.88,41.455,1.82105
60.9,59.775,2.62581
60.92,55.974,2.45884
60.94,44.799,1.96794
60.96,47.926,2.10531
60.98,55.367,2.43218
61,45.644,2.00506
61.02,47.324,2.07886
61.04,44.688,1.96307
61.06,45.78,2.01104
61.08,54.45,2.39189
61.1,52.521,2.30716
61.12,44.189,1.94115
61.14,42.16,1.85202
61.16,41.194,1.80958
61.18,70.911,3.115
61.2,77.581,3.408
61.22,75.376,3.31114
61.24,102.51,4.50309
61.26,88.857,3.90333
61.28,85.967,3.77638
61.3,74.078,3.25412
61.32,75.041,3.29642
61.34,105.299,4.6256
61.36,121.277,5.32749
61.38,170.67,7.49724
61.4,200.662,8.81473
61.42,169.99,7.46736
61.44,148.218,6.51096
61.46,100.472,4.41356
61.48,79.137,3.47635
61.5,76.335,3.35326
61.52,68.409,3.00509
61.54,74.137,3.25671
61.56,85.099,3.73825
61.58,104.174,4.57618
61.6,92.227,4.05137
61.62,65.699,2.88604
61.64,53.882,2.36694
61.66,59.829,2.62818
61.68,43.935,1.92999
61.7,49.471,2.17317
61.72,49.535,2.17599
61.74,44.824,1.96904
61.76,41.546,1.82504
61.78,34.8,1.5287
61.8,31.371,1.37807
61.82,31.73,1.39384
61.84,34.376,1.51008
61.86,38.842,1.70626
61.88,46.073,2.02391
61.9,40.905,1.79689
61.92,32.552,1.42995
61.94,35.558,1.562
61.96,47.161,2.0717
61.98,36.857,1.61906
62,32.91,1.44568
62.02,30.929,1.35866
62.04,41.534,1.82452
62.06,41.519,1.82386
62.08,32.938,1.44691
62.1,40.144,1.76346
62.12,38.885,1.70815
62.14,48.326,2.12288
62.16,59.886,2.63069
62.18,41.935,1.84213
62.2,36.532,1.60479
62.22,39.71,1.74439
62.24,34.55,1.51772
62.26,25.746,1.13098
62.28,34.519,1.51636
62.3,42.483,1.8662
62.32,39.943,1.75463
62.34,38.786,1.7038
62.36,35.029,1.53876
62.38,52.374,2.3007
62.4,41.234,1.81134
62.42,45.414,1.99496
62.44,33.073,1.45284
62.46,31.584,1.38743
62.48,30.563,1.34258
62.5,45.566,2.00164
62.52,30.29,1.33059
62.54,32.871,1.44397
62.56,34.983,1.53674
62.58,26.85,1.17947
62.6,43.527,1.91207
62.62,37.488,1.64678
62.64,51.921,2.2808
62.66,34.783,1.52796
62.68,27.577,1.21141
62.7,28.265,1.24163
62.72,36.435,1.60053
62.74,32.807,1.44115
62.76,28.883,1.26878
62.78,40.6,1.78349
62.8,40.265,1.76877
62.82,40.705,1.7881
62.84,31.423,1.38036
62.86,33.721,1.4813
62.88,30.847,1.35505
62.9,33.385,1.46654
62.92,37.774,1.65935
62.94,28.616,1.25705
62.96,39.646,1.74158
62.98,52.61,2.31107
63,37.503,1.64744
63.02,41.172,1.80861
63.04,36.265,1.59306
63.06,33.865,1.48763
63.08,46.047,2.02276
63.1,33.465,1.47006
63.12,40.329,1.77158
63.14,31.378,1.37838
63.16,31.685,1.39187
63.18,42.147,1.85144
63.2,35.556,1.56191
63.22,33.789,1.48429
63.24,32.502,1.42776
63.26,38.421,1.68777
63.28,31.934,1.4028
63.3,27.35,1.20144
63.32,36.829,1.61783
63.34,33.463,1.46997
63.36,29.253,1.28503
63.38,33.592,1.47564
63.4,42.258,1.85632
63.42,34.157,1.50046
63.44,31.826,1.39806
63.46,36.412,1.59952
63.48,39.663,1.74233
63.5,47.579,2.09006
63.52,32.379,1.42235
63.54,41.436,1.82021
63.56,35.992,1.58107
63.58,30.364,1.33384
63.6,34.737,1.52594
63.62,39.351,1.72862
63.64,36.395,1.59877
63.66,39.041,1.715
63.68,41.125,1.80655
63.7,26.78,1.1764
63.72,29.641,1.30208
63.74,33.192,1.45807
63.76,31.036,1.36336
63.78,35.607,1.56415
63.8,38.14,1.67542
63.82,28.681,1.25991
63.84,28.625,1.25745
63.86,32.172,1.41326
63.88,29.751,1.30691
63.9,33.568,1.47458
63.92,25.91,1.13818
63.94,32.44,1.42503
63.96,27.862,1.22393
63.98,41.744,1.83374
64,41.673,1.83062
64.02,35.161,1.54456
64.04,38.768,1.70301
64.06,32.271,1.41761
64.08,35.581,1.56301
64.1,33.322,1.46378
64.12,29.422,1.29246
64.14,35.974,1.58028
64.16,42.114,1.84999
64.18,35.08,1.541
64.2,35.931,1.57839
64.22,25.107,1.10291
64.24,43.867,1.927
64.26,45.463,1.99711
64.28,39.969,1.75577
64.3,36.517,1.60413
64.32,27.238,1.19652
64.34,34.575,1.51882
64.36,29.249,1.28486
64.38,29.124,1.27937
64.4,30.074,1.3211
64.42,32.406,1.42354
64.44,27.096,1.19028
64.46,27.661,1.2151
64.48,28.457,1.25007
64.5,31.297,1.37482
64.52,34.244,1.50428
64.54,26.991,1.18567
64.56,26.254,1.15329
64.58,30.372,1.33419
64.6,30.762,1.35132
64.62,35.19,1.54584
64.64,36.354,1.59697
64.66,33.363,1.46558
64.68,31.842,1.39876
64.7,33.93,1.49049
64.72,41.122,1.80642
64.74,34.424,1.51219
64.76,27.361,1.20192
64.78,33.094,1.45376
64.8,25.575,1.12347
64.82,31.182,1.36977
64.84,40.399,1.77466
64.86,45.557,2.00124
64.88,44.475,1.95371
64.9,46.72,2.05233
64.92,39.232,1.72339
64.94,39.49,1.73473
64.96,35.077,1.54087
64.98,29.211,1.28319
65,27.418,1.20442
65.02,32.011,1.40619
65.04,29.307,1.28741
65.06,34.077,1.49694
65.08,46.598,2.04697
65.1,34.279,1.50582
65.12,16.541,0.72662
65.14,44.185,1.94097
65.16,47.138,2.07069
65.18,37.355,1.64094
65.2,30.235,1.32817
65.22,31.779,1.396
65.24,32.912,1.44577
65.26,35.599,1.5638
65.28,40.166,1.76442
65.3,39.094,1.71733
65.32,28.766,1.26364
65.34,27.929,1.22687
65.36,25.932,1.13915
65.38,29.185,1.28205
65.4,35.962,1.57975
65.42,41.201,1.80989
65.44,33.493,1.47129
65.46,36.308,1.59495
65.48,39.797,1.74821
65.5,31.705,1.39275
65.52,26.228,1.15215
65.54,28.607,1.25666
65.56,40.034,1.75862
65.58,33.512,1.47212
65.6,38.262,1.68078
65.62,43.705,1.91988
65.64,37.473,1.64612
65.66,32.405,1.4235
65.68,40.824,1.79333
65.7,34.54,1.51728
65.72,42.191,1.85338
65.74,35.106,1.54215
65.76,26.827,1.17846
65.78,34.443,1.51302
65.8,18.807,0.82616
65.82,21.529,0.94573
65.84,32.029,1.40698
65.86,32.767,1.4394
65.88,35.88,1.57615
65.9,39.07,1.71628
65.92,26.973,1.18488
65.94,33.279,1.46189
65.96,38.557,1.69374
65.98,39.567,1.73811
66,39.217,1.72273
66.02,35.835,1.57417
66.04,38.57,1.69431
66.06,40.97,1.79974
66.08,39.167,1.72054
66.1,40.954,1.79904
66.12,45.26,1.98819
66.14,45.537,2.00036
66.16,41.707,1.83212
66.18,35.689,1.56776
66.2,36.817,1.61731
66.22,45.405,1.99456
66.24,49.331,2.16702
66.26,45.714,2.00814
66.28,39.018,1.71399
66.3,41.487,1.82245
66.32,42.026,1.84613
66.34,52.227,2.29424
66.36,51.746,2.27311
66.38,53.319,2.34221
66.4,54.545,2.39607
66.42,66.049,2.90142
66.44,82.686,3.63225
66.46,68.42,3.00557
66.48,91.469,4.01807
66.5,118.586,5.20928
66.52,128.649,5.65133
66.54,178.157,7.82613
66.56,231.323,10.16162
66.58,361.076,15.86144
66.6,503.494,22.11761
66.62,589.429,25.89259
66.64,518.869,22.79301
66.66,377.697,16.59157
66.68,246.716,10.8378
66.7,193.488,8.49959
66.72,188.981,8.30161
66.74,179.751,7.89615
66.76,214.076,9.40399
66.78,263.667,11.58243
66.8,323.287,14.20143
66.82,316.664,13.9105
66.84,257.776,11.32365
66.86,153.516,6.74369
66.88,115.984,5.09498
66.9,84.53,3.71326
66.92,81.25,3.56917
66.94,70.971,3.11763
66.96,51.513,2.26288
66.98,53.481,2.34933
67,47.089,2.06854
67.02,47.41,2.08264
67.04,51.574,2.26556
67.06,48.863,2.14647
67.08,46.569,2.0457
67.1,40.907,1.79697
67.12,42.783,1.87938
67.14,35.733,1.56969
67.16,31.226,1.3717
67.18,38.124,1.67472
67.2,37.65,1.6539
67.22,35.904,1.5772
67.24,36.662,1.6105
67.26,37.514,1.64792
67.28,45.302,1.99004
67.3,36.744,1.6141
67.32,40.967,1.79961
67.34,27.096,1.19028
67.36,22.062,0.96915
67.38,35.987,1.58085
67.4,36.735,1.6137
67.42,36.329,1.59587
67.44,33.216,1.45912
67.46,40.31,1.77075
67.48,38.057,1.67178
67.5,35.706,1.5685
67.52,43.587,1.9147
67.54,35.582,1.56306
67.56,38.66,1.69827
67.58,39.057,1.71571
67.6,32.919,1.44607
67.62,40.145,1.7635
67.64,33.647,1.47805
67.66,52.412,2.30237
67.68,36.003,1.58155
67.7,41.931,1.84196
67.72,39.751,1.74619
67.74,40.514,1.77971
67.76,45.47,1.99742
67.78,34.126,1.4991
67.8,36.378,1.59802
67.82,42.963,1.88729
67.84,41.822,1.83717
67.86,43.916,1.92915
67.88,52.181,2.29222
67.9,49.477,2.17344
67.92,63.872,2.80579
67.94,49.991,2.19602
67.96,60.579,2.66113
67.98,41.289,1.81375
68,40.761,1.79056
68.02,46.3,2.03388
68.04,51.893,2.27957
68.06,58.657,2.5767
68.08,52.305,2.29767
68.1,69.204,3.04001
68.12,87.505,3.84394
68.14,98.801,4.34016
68.16,95.354,4.18874
68.18,117.6,5.16596
68.2,159.982,7.02773
68.22,209.371,9.1973
68.24,296.885,13.04164
68.26,420.333,18.4645
68.28,619.293,27.20446
68.3,787.104,34.57611
68.32,866.843,38.0789
68.34,591.71,25.99279
68.36,378.418,16.62324
68.38,288.781,12.68565
68.4,234.002,10.2793
68.42,207.639,9.12122
68.44,245.203,10.77134
68.46,303.383,13.32709
68.48,370.607,16.28012
68.5,471.847,20.72742
68.52,399.713,17.5587
68.54,302.621,13.29361
68.56,194.588,8.54791
68.58,131.848,5.79185
68.6,112.738,4.95238
68.62,67.717,2.97469
68.64,85.154,3.74067
68.66,77.917,3.42276
68.68,55.656,2.44487
68.7,47.171,2.07214
68.72,46.884,2.05953
68.74,49.574,2.1777
68.76,49.111,2.15736
68.78,44.879,1.97146
68.8,43.733,1.92111
68.82,38.309,1.68285
68.84,48.345,2.12371
68.86,53.132,2.334
68.88,50.007,2.19672
68.9,47.02,2.06551
68.92,37.112,1.63027
68.94,30.915,1.35804
68.96,25.089,1.10212
68.98,34.847,1.53077
69,43.802,1.92415
69.02,44.872,1.97115
69.04,39.876,1.75168
69.06,38.589,1.69515
69.08,34.365,1.50959
69.1,43.556,1.91334
69.12,39.19,1.72155
69.14,44.37,1.9491
69.16,50.253,2.20753
69.18,39.857,1.75085
69.2,30.809,1.35339
69.22,30.195,1.32641
69.24,33.525,1.47269
69.26,35.176,1.54522
69.28,45.439,1.99606
69.3,30.687,1.34803
69.32,34.516,1.51623
69.34,36.678,1.6112
69.36,35.693,1.56793
69.38,29.37,1.29017
69.4,31.589,1.38765
69.42,25.557,1.12267
69.44,32.726,1.4376
69.46,33.194,1.45815
69.48,25.739,1.13067
69.5,35.623,1.56486
69.52,31.149,1.36832
69.54,28.145,1.23636
69.56,32.886,1.44462
69.58,38.782,1.70363
69.6,29.531,1.29725
69.62,34.159,1.50055
69.64,31.116,1.36687
69.66,44.906,1.97264
69.68,32.959,1.44783
69.7,24.766,1.08793
69.72,33.662,1.47871
69.74,31.108,1.36652
69.76,32.917,1.44599
69.78,29.887,1.31288
69.8,35.03,1.53881
69.82,21.788,0.95711
69.84,36.799,1.61652
69.86,37.322,1.63949
69.88,34.294,1.50648
69.9,43.148,1.89542
69.92,35.349,1.55282
69.94,39.587,1.73899
69.96,38.444,1.68878
69.98,40.696,1.7877
70,35.51,1.55989
70.02,31.05,1.36397
70.04,23.173,1.01795
70.06,23.667,1.03965
70.08,32.058,1.40825
70.1,34.128,1.49918
70.12,37.146,1.63176
70.14,30.482,1.33902
70.16,35.045,1.53947
70.18,29.435,1.29303
70.2,34.774,1.52756
70.22,31.89,1.40087
70.24,24.028,1.05551
70.26,32.4,1.42328
70.28,27.641,1.21422
70.3,25.911,1.13823
70.32,34.413,1.5117
70.34,30.038,1.31952
70.36,32.369,1.42191
70.38,35.796,1.57246
70.4,37.108,1.63009
70.42,23.073,1.01356
70.44,26.225,1.15202
70.46,34.994,1.53723
70.48,35.008,1.53784
70.5,43.722,1.92063
70.52,58.46,2.56805
70.54,56.163,2.46714
70.56,38.898,1.70872
70.58,35.144,1.54381
70.6,37.195,1.63391
70.62,30.85,1.35519
70.64,37.976,1.66822
70.66,44.657,1.9617
70.68,41.426,1.81977
70.7,36.451,1.60123
70.72,44.427,1.9516
70.74,43.554,1.91325
70.76,34.149,1.50011
70.78,27.106,1.19072
70.8,39.444,1.73271
70.82,37.605,1.65192
70.84,38.524,1.69229
70.86,37.394,1.64265
70.88,39.564,1.73798
70.9,22.584,0.99208
70.92,29.825,1.31016
70.94,30.767,1.35154
70.96,30.646,1.34623
70.98,36.399,1.59894
71,32.213,1.41506
71.02,26.62,1.16937
71.04,27.633,1.21387
71.06,34.305,1.50696
71.08,24.104,1.05885
71.1,40.588,1.78296
71.12,38.671,1.69875
71.14,36.299,1.59455
71.16,42.715,1.8764
71.18,36.673,1.61098
71.2,28.597,1.25622
71.22,23.487,1.03174
71.24,31.651,1.39037
71.26,38.41,1.68728
71.28,26.376,1.15865
71.3,25.319,1.11222
71.32,21.692,0.95289
71.34,35.76,1.57087
71.36,33.168,1.45701
71.38,29.161,1.28099
71.4,38.14,1.67542
71.42,30.831,1.35435
71.44,32.75,1.43865
71.46,36.074,1.58467
71.48,29.268,1.28569
71.5,28.494,1.25169
71.52,28.824,1.26619
71.54,40.051,1.75937
71.56,38.819,1.70525
71.58,34.023,1.49457
71.6,39.108,1.71795
71.62,31.71,1.39297
71.64,29.563,1.29865
71.66,35.603,1.56398
71.68,26.889,1.18119
71.7,32.991,1.44924
71.72,30.891,1.35699
71.74,34.399,1.51109
71.76,25.981,1.1413
71.78,27.362,1.20196
71.8,24.597,1.0805
71.82,27.483,1.20728
71.84,29.12,1.27919
71.86,25.006,1.09847
71.88,29.095,1.27809
71.9,40.99,1.80062
71.92,41.678,1.83084
71.94,33.696,1.48021
71.96,29.532,1.29729
71.98,20.921,0.91902
72,22.164,0.97363
72.02,24.548,1.07835
72.04,26.005,1.14235
72.06,20.7,0.90931
72.08,29.644,1.30221
72.1,32.641,1.43386
72.12,35.926,1.57817
72.14,38.854,1.70679
72.16,30.587,1.34363
72.18,29.729,1.30594
72.2,25.744,1.13089
72.22,41.638,1.82908
72.24,25.424,1.11683
72.26,27.117,1.1912
72.28,37.58,1.65082
72.3,34.447,1.5132
72.32,25.007,1.09851
72.34,25.048,1.10032
72.36,39.964,1.75555
72.38,37.272,1.63729
72.4,30.973,1.36059
72.42,43.613,1.91584
72.44,34.414,1.51175
72.46,30.395,1.3352
72.48,32.134,1.41159
72.5,29.012,1.27445
72.52,25.548,1.12228
72.54,23.134,1.01624
72.56,26.988,1.18554
72.58,33.38,1.46633
72.6,31.344,1.37689
72.62,28.001,1.23004
72.64,27.499,1.20798
72.66,28.161,1.23706
72.68,33.773,1.48359
72.7,29.877,1.31244
72.72,33.247,1.46048
72.74,31.286,1.37434
72.76,36.485,1.60272
72.78,41.055,1.80347
72.8,35.407,1.55537
72.82,40.875,1.79557
72.84,29.39,1.29105
72.86,30.737,1.35022
72.88,38.189,1.67758
72.9,30.979,1.36085
72.92,31.193,1.37025
72.94,35.096,1.54171
72.96,41.968,1.84358
72.98,31.927,1.4025
73,31.63,1.38945
73.02,30.968,1.36037
73.04,31.918,1.4021
73.06,29.786,1.30845
73.08,30.754,1.35097
73.1,36.937,1.62258
73.12,33.636,1.47757
73.14,33.936,1.49075
73.16,36.053,1.58375
73.18,28.818,1.26592
73.2,48.504,2.1307
73.22,37.74,1.65785
73.24,35.085,1.54122
73.26,31.436,1.38093
73.28,28.748,1.26285
73.3,31.604,1.38831
73.32,31.239,1.37227
73.34,38.451,1.68909
73.36,42.345,1.86014
73.38,27.46,1.20627
73.4,29.058,1.27647
73.42,36.188,1.58968
73.44,32.17,1.41317
73.46,31.892,1.40096
73.48,27.498,1.20794
73.5,29.967,1.3164
73.52,30.971,1.3605
73.54,29.503,1.29602
73.56,31.889,1.40083
73.58,31.435,1.38088
73.6,35.731,1.5696
73.62,25.344,1.11332
73.64,26.267,1.15386
73.66,37.181,1.6333
73.68,26.239,1.15263
73.7,33.336,1.46439
73.72,28.438,1.24923
73.74,32.501,1.42771
73.76,28.875,1.26843
73.78,35.92,1.5779
73.8,32.394,1.42301
73.82,33.599,1.47595
73.84,36.636,1.60936
73.86,38.092,1.67332
73.88,40.929,1.79794
73.9,37.47,1.64599
73.92,40.102,1.76161
73.94,38.939,1.71052
73.96,33.951,1.49141
73.98,27.303,1.19937
74,39.856,1.7508
74.02,33.305,1.46303
74.04,32.862,1.44357
74.06,27.329,1.20052
74.08,29.131,1.27967
74.1,29.357,1.2896
74.12,31.172,1.36933
74.14,32.404,1.42345
74.16,33.482,1.47081
74.18,37.998,1.66919
74.2,37.802,1.66058
74.22,32.429,1.42455
74.24,29.652,1.30256
74.26,34.645,1.52189
74.28,30.275,1.32993
74.3,36.653,1.6101
74.32,33.767,1.48333
74.34,33.843,1.48666
74.36,56.529,2.48322
74.38,44.745,1.96557
74.4,53.804,2.36352
74.42,53.77,2.36202
74.44,36.822,1.61753
74.46,40.299,1.77026
74.48,37.597,1.65157
74.5,34.223,1.50336
74.52,39.008,1.71355
74.54,37.971,1.668
74.56,42.661,1.87402
74.58,46.612,2.04758
74.6,35.621,1.56477
74.62,40.673,1.78669
74.64,44.045,1.93482
74.66,43.543,1.91277
74.68,39.202,1.72208
74.7,35.675,1.56714
74.72,40.422,1.77567
74.74,36.151,1.58805
74.76,39.103,1.71773
74.78,43.295,1.90187
74.8,29.403,1.29162
74.82,38.838,1.70609
74.84,38.74,1.70178
74.86,39.112,1.71812
74.88,30.498,1.33972
74.9,30.6,1.3442
74.92,41.191,1.80945
74.94,30.464,1.33823
74.96,34.528,1.51675
74.98,35.625,1.56494
75,40.583,1.78274
75.02,28.51,1.25239
75.04,44.531,1.95617
75.06,34.693,1.524
75.08,26.026,1.14328
75.1,31.74,1.39428
75.12,37.702,1.65618
75.14,31.944,1.40324
75.16,32.784,1.44014
75.18,28.939,1.27124
75.2,46.227,2.03067
75.22,41.821,1.83712
75.24,30.803,1.35312
75.26,29.705,1.30489
75.28,43.342,1.90394
75.3,30.822,1.35396
75.32,35.474,1.55831
75.34,35.157,1.54439
75.36,47.657,2.09349
75.38,38.773,1.70323
75.4,24.855,1.09184
75.42,36.963,1.62372
75.44,40.433,1.77615
75.46,36.407,1.5993
75.48,30.284,1.33032
75.5,23.966,1.05278
75.52,31.63,1.38945
75.54,26.787,1.17671
75.56,33.179,1.4575
75.58,41.399,1.81859
75.6,37.765,1.65895
75.62,33.347,1.46488
75.64,29.765,1.30752
75.66,31.264,1.37337
75.68,32.85,1.44304
75.7,34.658,1.52247
75.72,41.741,1.83361
75.74,45.916,2.01701
75.76,43.171,1.89643
75.78,39.538,1.73684
75.8,40.823,1.79328
75.82,41.364,1.81705
75.84,34.21,1.50279
75.86,29.952,1.31574
75.88,33.132,1.45543
75.9,34.688,1.52378
75.92,32.308,1.41923
75.94,39.32,1.72726
75.96,44.681,1.96276
75.98,34.277,1.50573
76,43.228,1.89893
76.02,42.117,1.85013
76.04,38.052,1.67156
76.06,34.932,1.5345
76.08,36.792,1.61621
76.1,41.684,1.83111
76.12,36.204,1.59038
76.14,30.834,1.35448
76.16,39.069,1.71623
76.18,30.709,1.34899
76.2,39.956,1.7552
76.22,49.137,2.1585
76.24,42.419,1.86339
76.26,25.32,1.11226
76.28,35.228,1.5475
76.3,38.05,1.67147
76.32,44.563,1.95757
76.34,32.845,1.44282
76.36,28.864,1.26795
76.38,27.91,1.22604
76.4,21.847,0.9597
76.42,35.028,1.53872
76.44,35.696,1.56806
76.46,38.324,1.68351
76.48,49.962,2.19474
76.5,32.818,1.44164
76.52,44.793,1.96768
76.54,45.682,2.00673
76.56,36.723,1.61318
76.58,49.66,2.18148
76.6,43.513,1.91145
76.62,42.606,1.87161
76.64,44.784,1.96728
76.66,38.919,1.70964
76.68,42.325,1.85926
76.7,34.778,1.52774
76.72,41.536,1.8246
76.74,60.259,2.64707
76.76,52.997,2.32807
76.78,46.952,2.06252
76.8,55.314,2.42985
76.82,47.966,2.10706
76.84,48.106,2.11321
76.86,69.791,3.0658
76.88,102.127,4.48626
76.9,112.735,4.95225
76.92,122.813,5.39496
76.94,178.672,7.84875
76.96,233.638,10.26331
76.98,276.3,12.13738
77,236.611,10.39391
77.02,153.456,6.74105
77.04,128.759,5.65616
77.06,97.78,4.29531
77.08,72.863,3.20074
77.1,79.734,3.50258
77.12,103.176,4.53234
77.14,107.06,4.70296
77.16,108.051,4.74649
77.18,150.72,6.62087
77.2,175.006,7.68771
77.22,178.303,7.83254
77.24,128.612,5.6497
77.26,100.27,4.40469
77.28,128.421,5.64131
77.3,134.929,5.9272
77.32,138.78,6.09636
77.34,144.974,6.36846
77.36,153.05,6.72322
77.38,109.26,4.7996
77.4,72.735,3.19512
77.42,64.352,2.82687
77.44,58.902,2.58746
77.46,66.889,2.93832
77.48,61.784,2.71406
77.5,63.287,2.78009
77.52,85.784,3.76834
77.54,70.135,3.08091
77.56,81.217,3.56772
77.58,83.161,3.65312
77.6,80.635,3.54216
77.62,52.859,2.322
77.64,43.037,1.89054
77.66,43.38,1.90561
77.68,55.868,2.45418
77.7,60.264,2.64729
77.72,34.715,1.52497
77.74,31.931,1.40267
77.76,33.513,1.47217
77.78,30.689,1.34811
77.8,27.861,1.22389
77.82,37.836,1.66207
77.84,36.546,1.6054
77.86,32.965,1.4481
77.88,35.972,1.58019
77.9,42.226,1.85491
77.92,37.877,1.66387
77.94,27.566,1.21093
77.96,40.287,1.76974
77.98,28.061,1.23267
78,35.878,1.57606
78.02,31.62,1.38901
78.04,32.013,1.40628
78.06,30.78,1.35211
78.08,36.745,1.61414
78.1,38.821,1.70534
78.12,36.811,1.61704
78.14,37.555,1.64973
78.16,36.204,1.59038
78.18,41.925,1.84169
78.2,39.28,1.7255
78.22,32.809,1.44124
78.24,30.985,1.36112
78.26,32.576,1.43101
78.28,27.619,1.21325
78.3,38.154,1.67604
78.32,36.185,1.58954
78.34,30.813,1.35356
78.36,38.738,1.70169
78.38,42.122,1.85035
78.4,41.446,1.82065
78.42,41.497,1.82289
78.44,48.074,2.11181
78.46,37.565,1.65017
78.48,43.212,1.89823
78.5,29.861,1.31174
78.52,25.296,1.11121
78.54,34.469,1.51416
78.56,37.243,1.63602
78.58,40.099,1.76148
78.6,32.85,1.44304
78.62,33.436,1.46879
78.64,37.304,1.6387
78.66,40.087,1.76095
78.68,41.878,1.83963
78.7,34.27,1.50542
78.72,29.384,1.29079
78.74,38.873,1.70762
78.76,29.064,1.27673
78.78,35.323,1.55168
78.8,40.867,1.79522
78.82,53.297,2.34124
78.84,42.157,1.85188
78.86,37.404,1.64309
78.88,36.826,1.6177
78.9,38.185,1.6774
78.92,48.963,2.15086
78.94,28.802,1.26522
78.96,31.543,1.38563
78.98,33.577,1.47498
79,32.972,1.4484
79.02,42.979,1.88799
79.04,32.003,1.40584
79.06,29.544,1.29782
79.08,27.215,1.19551
79.1,38.543,1.69313
79.12,41.412,1.81916
79.14,42.631,1.87271
79.16,42.455,1.86497
79.18,35.502,1.55954
79.2,44.037,1.93447
79.22,34.328,1.50797
79.24,30.179,1.32571
79.26,30.066,1.32075
79.28,34.144,1.49989
79.3,38.296,1.68228
79.32,39.834,1.74984
79.34,36.791,1.61616
79.36,36.959,1.62354
79.38,31.963,1.40408
79.4,29.059,1.27651
79.42,26.131,1.14789
79.44,29.754,1.30704
79.46,27.763,1.21958
79.48,32.497,1.42754
79.5,37.853,1.66282
79.52,26.516,1.1648
79.54,35.537,1.56108
79.56,46.652,2.04934
79.58,39.571,1.73829
79.6,44.275,1.94492
79.62,41.785,1.83554
79.64,34.772,1.52747
79.66,36.557,1.60589
79.68,41.626,1.82856
79.7,41.487,1.82245
79.72,42.289,1.85768
79.74,42.759,1.87833
79.76,47.062,2.06735
79.78,40.263,1.76868
79.8,47.934,2.10566
79.82,46.801,2.05589
79.84,46.617,2.0478
79.86,30.324,1.33208
79.88,34.242,1.50419
79.9,34.445,1.51311
79.92,29.988,1.31732
79.94,26.762,1.17561
79.96,23.151,1.01698
79.98,29.388,1.29096
80,31.246,1.37258
80.02,37.407,1.64322
80.04,36.086,1.5852
80.06,38.276,1.6814
80.08,36.66,1.61041
80.1,33.901,1.48921
80.12,43.174,1.89656
80.14,45.636,2.00471
80.16,29.065,1.27677
80.18,41.696,1.83163
80.2,42.142,1.85122
80.22,36.801,1.6166
80.24,33.203,1.45855
80.26,27.284,1.19854
80.28,35.905,1.57724
80.3,37.723,1.65711
80.32,38.52,1.69212
80.34,33.776,1.48372
80.36,43.282,1.9013
80.38,46.2,2.02949
80.4,42.169,1.85241
80.42,34.592,1.51957
80.44,40.693,1.78757
80.46,45.309,1.99035
80.48,49.178,2.1603
80.5,51.419,2.25875
80.52,51.092,2.24438
80.54,53.551,2.3524
80.56,47.818,2.10056
80.58,46.459,2.04086
80.6,38.933,1.71026
80.62,48.668,2.1379
80.64,42.452,1.86484
80.66,60.13,2.64141
80.68,58.075,2.55113
80.7,48.844,2.14563
80.72,73.388,3.22381
80.74,82.047,3.60418
80.76,96.841,4.25406
80.78,113.81,4.99948
80.8,90.591,3.9795
80.82,99.641,4.37706
80.84,91.66,4.02646
80.86,59.229,2.60183
80.88,51.907,2.28018
80.9,57.772,2.53782
80.92,37.797,1.66036
80.94,57.028,2.50514
80.96,56.335,2.4747
80.98,59.424,2.61039
81,57.875,2.54235
81.02,70.281,3.08732
81.04,72.263,3.17439
81.06,87.703,3.85264
81.08,53.648,2.35666
81.1,47.495,2.08637
81.12,53.595,2.35433
81.14,41.208,1.8102
81.16,45.509,1.99913
81.18,47.427,2.08339
81.2,45.493,1.99843
81.22,41.619,1.82825
81.24,40.302,1.7704
81.26,51.794,2.27522
81.28,44.283,1.94528
81.3,39.872,1.75151
81.32,40.489,1.77861
81.34,40.111,1.76201
81.36,37.113,1.63031
81.38,44.435,1.95195
81.4,44.493,1.9545
81.42,42.147,1.85144
81.44,45.813,2.01249
81.46,34.252,1.50463
81.48,29.901,1.3135
81.5,29.792,1.30871
81.52,30.003,1.31798
81.54,44.994,1.97651
81.56,50.542,2.22022
81.58,36.686,1.61155
81.6,55.401,2.43367
81.62,38.747,1.70209
81.64,36.817,1.61731
81.66,36.656,1.61023
81.68,38.652,1.69792
81.7,50.048,2.19852
81.72,36.648,1.60988
81.74,36.874,1.61981
81.76,45.451,1.99658
81.78,41.558,1.82557
81.8,42.566,1.86985
81.82,49.569,2.17748
81.84,42.842,1.88197
81.86,37.924,1.66594
81.88,39.16,1.72023
81.9,48.165,2.1158
81.92,29.794,1.3088
81.94,39.775,1.74725
81.96,38.001,1.66932
81.98,37.345,1.6405
82,37.54,1.64907
82.02,37.646,1.65372
82.04,39.511,1.73565
82.06,40.761,1.79056
82.08,45.326,1.99109
82.1,46.067,2.02364
82.12,35.001,1.53753
82.14,36.174,1.58906
82.16,45.85,2.01411
82.18,34.936,1.53468
82.2,35.927,1.57821
82.22,36.023,1.58243
82.24,30.398,1.33533
82.26,38.697,1.69989
82.28,31.349,1.37711
82.3,34.414,1.51175
82.32,27.851,1.22345
82.34,33.299,1.46277
82.36,30.971,1.3605
82.38,34.415,1.51179
82.4,36.506,1.60364
82.42,44.304,1.9462
82.44,28.471,1.25068
82.46,40.861,1.79495
82.48,30.453,1.33775
82.5,31.896,1.40114
82.52,33.82,1.48565
82.54,34.002,1.49365
82.56,36.68,1.61129
82.58,41.43,1.81995
82.6,33.796,1.4846
82.62,39.298,1.72629
82.64,36.258,1.59275
82.66,35.549,1.56161
82.68,39.356,1.72884
82.7,35.738,1.56991
82.72,35.245,1.54825
82.74,31.309,1.37535
82.76,28.617,1.25709
82.78,39.702,1.74404
82.8,38.506,1.6915
82.82,38.328,1.68368
82.84,50.782,2.23076
82.86,31.083,1.36542
82.88,27.903,1.22573
82.9,26.906,1.18193
82.92,35.327,1.55185
82.94,39.67,1.74263
82.96,51.687,2.27052
82.98,36.77,1.61524
83,33.203,1.45855
83.02,36.364,1.59741
83.04,34.855,1.53112
83.06,39.979,1.75621
83.08,43.768,1.92265
83.1,43.125,1.89441
83.12,29.744,1.3066
83.14,33.12,1.4549
83.16,40.169,1.76455
83.18,33.954,1.49154
83.2,32.88,1.44436
83.22,29.082,1.27752
83.24,29.318,1.28789
83.26,44.11,1.93768
83.28,40.972,1.79983
83.3,49.782,2.18684
83.32,46.135,2.02663
83.34,46.521,2.04359
83.36,40.679,1.78696
83.38,36.36,1.59723
83.4,30.248,1.32874
83.42,42.927,1.88571
83.44,33.602,1.47608
83.46,36.54,1.60514
83.48,36.888,1.62043
83.5,39.944,1.75467
83.52,30.019,1.31868
83.54,46.703,2.05158
83.56,40.096,1.76135
83.58,37.405,1.64314
83.6,33.346,1.46483
83.62,32.104,1.41027
83.64,25.497,1.12004
83.66,39.548,1.73727
83.68,41.197,1.80971
83.7,41.757,1.83431
83.72,36.213,1.59077
83.74,34.07,1.49664
83.76,43.631,1.91663
83.78,41.079,1.80453
83.8,38.441,1.68865
83.82,39.579,1.73864
83.84,41.405,1.81885
83.86,33.809,1.48517
83.88,40.553,1.78142
83.9,33.43,1.46852
83.92,38.889,1.70833
83.94,35.589,1.56336
83.96,44.79,1.96755
83.98,47.175,2.07232
84,42.21,1.85421
84.02,35.698,1.56815
84.04,40.744,1.78981
84.06,31.271,1.37368
84.08,36.913,1.62152
84.1,31.71,1.39297
84.12,42.628,1.87257
84.14,34.764,1.52712
84.16,35.582,1.56306
84.18,40.521,1.78002
84.2,37.431,1.64428
84.22,35.41,1.5555
84.24,32.251,1.41673
84.26,35.807,1.57294
84.28,51.064,2.24315
84.3,42.995,1.8887
84.32,48.42,2.12701
84.34,54.452,2.39198
84.36,49.236,2.16285
84.38,55.75,2.449
84.4,51.998,2.28418
84.42,72.979,3.20584
84.44,85.087,3.73772
84.46,90.388,3.97059
84.48,88.611,3.89253
84.5,65.845,2.89246
84.52,67.885,2.98207
84.54,60.699,2.6664
84.56,39.637,1.74118
84.58,44.262,1.94435
84.6,47.997,2.10842
84.62,47.322,2.07877
84.64,47.062,2.06735
84.66,46.1,2.02509
84.68,46.041,2.0225
84.7,56.427,2.47874
84.72,59.465,2.61219
84.74,64.534,2.83487
84.76,55.735,2.44834
84.78,42.91,1.88496
84.8,46.315,2.03454
84.82,46.835,2.05738
84.84,44.771,1.96671
84.86,44.48,1.95393
84.88,35.756,1.5707
84.9,28.436,1.24914
84.92,37.233,1.63558
84.94,40.957,1.79917
84.96,44.559,1.9574
84.98,30.585,1.34355
85,32.315,1.41954
85.02,39.748,1.74606
85.04,42.085,1.84872
85.06,34.161,1.50063
85.08,36.716,1.61287
85.1,32.664,1.43487
85.12,37.706,1.65636
85.14,28.311,1.24365
85.16,21.272,0.93444
85.18,32.883,1.44449
85.2,39.061,1.71588
85.22,35.537,1.56108
85.24,39.086,1.71698
85.26,39.317,1.72713
85.28,34.742,1.52616
85.3,28.435,1.2491
85.32,45.134,1.98266
85.34,42.647,1.87341
85.36,37.468,1.6459
85.38,38.03,1.67059
85.4,27.688,1.21629
85.42,35.332,1.55207
85.44,33.005,1.44985
85.46,31.287,1.37438
85.48,35.018,1.53828
85.5,37.529,1.64858
85.52,37.691,1.6557
85.54,31.295,1.37473
85.56,30.349,1.33318
85.58,28.933,1.27098
85.6,31.332,1.37636
85.62,40.895,1.79645
85.64,38.246,1.68008
85.66,34.874,1.53195
85.68,40.569,1.78213
85.7,33.301,1.46285
85.72,28.132,1.23579
85.74,35.284,1.54996
85.76,29.43,1.29281
85.78,37.117,1.63049
85.8,32.398,1.42319
85.82,35.148,1.54399
85.84,45.477,1.99773
85.86,39.119,1.71843
85.88,37.703,1.65623
85.9,37.051,1.62759
85.92,40.916,1.79737
85.94,42.29,1.85773
85.96,37.642,1.65355
85.98,43.18,1.89682
86,31.242,1.37241
86.02,29.58,1.2994
86.04,36.446,1.60101
86.06,43.29,1.90165
86.08,35.385,1.5544
86.1,38.788,1.70389
86.12,37.066,1.62824
86.14,39.982,1.75634
86.16,44.09,1.9368
86.18,38.93,1.71013
86.2,36.394,1.59873
86.22,32.77,1.43953
86.24,31.617,1.38888
86.26,37.457,1.64542
86.28,43.339,1.90381
86.3,56.309,2.47356
86.32,52.152,2.29095
86.34,48.684,2.1386
86.36,54.064,2.37494
86.38,52.778,2.31845
86.4,59.024,2.59282
86.42,67.558,2.96771
86.44,79.111,3.47521
86.46,80.902,3.55388
86.48,69.033,3.0325
86.5,60.661,2.66473
86.52,61.269,2.69144
86.54,55.347,2.4313
86.56,65.169,2.86276
86.58,50.907,2.23626
86.6,59.716,2.62322
86.62,67.905,2.98295
86.64,62.742,2.75615
86.66,58.768,2.58158
86.68,57.836,2.54063
86.7,60.397,2.65314
86.72,63.607,2.79414
86.74,61.989,2.72307
86.76,50.128,2.20204
86.78,38.246,1.68008
86.8,47.71,2.09582
86.82,53.406,2.34603
86.84,51.263,2.25189
86.86,58.304,2.56119
86.88,47.763,2.09815
86.9,61.208,2.68876
86.92,50.556,2.22084
86.94,52.173,2.29187
86.96,46.758,2.054
86.98,41.847,1.83827
87,28.457,1.25007
87.02,41.388,1.8181
87.04,42.089,1.8489
87.06,50.441,2.21579
87.08,48.338,2.1234
87.1,37.546,1.64933
87.12,42.296,1.85799
87.14,38.677,1.69901
87.16,40.113,1.76209
87.18,34.319,1.50757
87.2,35.376,1.55401
87.22,34.862,1.53143
87.24,31.093,1.36586
87.26,33.281,1.46198
87.28,34.316,1.50744
87.3,36.014,1.58203
87.32,39.361,1.72906
87.34,37.612,1.65223
87.36,40.128,1.76275
87.38,42.351,1.86041
87.4,32.872,1.44401
87.42,42.036,1.84657
87.44,41.257,1.81235
87.46,41.002,1.80115
87.48,44.983,1.97602
87.5,44.389,1.94993
87.52,35.127,1.54307
87.54,34.554,1.5179
87.56,36.801,1.6166
87.58,38.571,1.69436
87.6,33.267,1.46136
87.62,37.002,1.62543
87.64,40.56,1.78173
87.66,42.909,1.88492
87.68,40.055,1.75955
87.7,53.768,2.36193
87.72,39.87,1.75142
87.74,42.493,1.86664
87.76,38.213,1.67863
87.78,38.31,1.68289
87.8,33.839,1.48649
87.82,46.843,2.05773
87.84,47.191,2.07302
87.86,38.829,1.70569
87.88,40.503,1.77923
87.9,35.587,1.56327
87.92,50.001,2.19646
87.94,42.143,1.85127
87.96,48.776,2.14264
87.98,52.536,2.30781
88,38.839,1.70613
88.02,30.14,1.324
88.04,37.051,1.62759
88.06,40.143,1.76341
88.08,33.543,1.47349
88.1,43.937,1.93008
88.12,42.068,1.84797
88.14,42.097,1.84925
88.16,43.115,1.89397
88.18,41.934,1.84209
88.2,37.782,1.6597
88.22,40.449,1.77685
88.24,34.546,1.51755
88.26,42.746,1.87776
88.28,36.013,1.58199
88.3,34.026,1.4947
88.32,36.269,1.59323
88.34,40.777,1.79126
88.36,40.803,1.7924
88.38,29.828,1.31029
88.4,36.33,1.59591
88.42,45.232,1.98696
88.44,47.134,2.07051
88.46,35.952,1.57931
88.48,43.46,1.90912
88.5,49.347,2.16773
88.52,42.411,1.86304
88.54,45.185,1.9849
88.56,44.817,1.96873
88.58,42.636,1.87293
88.6,48.266,2.12024
88.62,53.018,2.32899
88.64,41.763,1.83458
88.66,53.124,2.33364
88.68,35.555,1.56187
88.7,29.025,1.27502
88.72,45.229,1.98683
88.74,50.041,2.19821
88.76,44.505,1.95503
88.78,42.729,1.87701
88.8,46.024,2.02175
88.82,42.317,1.85891
88.84,57.43,2.5228
88.86,45.265,1.98841
88.88,41.81,1.83664
88.9,45.097,1.98103
88.92,48.454,2.1285
88.94,48.463,2.1289
88.96,47.403,2.08233
88.98,53.657,2.35706
89,60.536,2.65924
89.02,68.127,2.9927
89.04,78.212,3.43572
89.06,122.343,5.37431
89.08,121.147,5.32178
89.1,125.133,5.49687
89.12,110.257,4.8434
89.14,100.717,4.42432
89.16,89.994,3.95328
89.18,83.448,3.66573
89.2,45.612,2.00366
89.22,61.53,2.70291
89.24,66.346,2.91446
89.26,61.464,2.70001
89.28,65.461,2.87559
89.3,68.32,3.00118
89.32,75.937,3.33578
89.34,90.344,3.96865
89.36,87.561,3.8464
89.38,85.974,3.77669
89.4,64.967,2.85389
89.42,63.652,2.79612
89.44,66.182,2.90726
89.46,58.69,2.57815
89.48,52.779,2.31849
89.5,40.537,1.78072
89.52,51.416,2.25862
89.54,58.743,2.58048
89.56,56.903,2.49965
89.58,41.203,1.80998
89.6,38.472,1.69001
89.62,44.953,1.97471
89.64,45.386,1.99373
89.66,43.165,1.89616
89.68,39.846,1.75037
89.7,50.066,2.19931
89.72,43.512,1.91141
89.74,44.108,1.93759
89.76,36.706,1.61243
89.78,34.3,1.50674
89.8,37.552,1.64959
89.82,49.536,2.17603
89.84,49.909,2.19242
89.86,54.072,2.37529
89.88,47.309,2.0782
89.9,46.125,2.02619
89.92,47.896,2.10399
89.94,51.066,2.24324
89.96,48.964,2.1509
